3,5,WRITTEN2WRITTEN,M5-A0-S0-B12-W0-F0-T0-X0-D0,Βάλε τα λουλούδια στις μηχανές που έχουν τις λέξεις με το σωστό ήχο
3,5,WRITTEN2WRITTEN,M5-A0-S0-B12-W0-F0-T0-X1-D0,Βάλε τα λουλούδια στις μηχανές που έχουν τις λέξεις με το σωστό ήχο
3,5,WRITTEN2WRITTEN,M5-A0-S0-B12-W0-F0-T0-X2-D0,Βάλε τα λουλούδια στις μηχανές που έχουν τις λέξεις με το σωστό ήχο
3,5,WRITTEN2WRITTEN,M5-A0-S0-B12-W0-F0-T0-X3-D0,Βάλε τα λουλούδια στις μηχανές που έχουν τις λέξεις με το σωστό ήχο
3,5,WRITTEN2WRITTEN,M5-A0-S0-B12-W0-F0-T0-X0-D1,Βάλε τα λουλούδια στις μηχανές που έχουν τις λέξεις με το σωστό ήχο
3,5,WRITTEN2WRITTEN,M5-A0-S0-B12-W0-F0-T0-X1-D1,Βάλε τα λουλούδια στις μηχανές που έχουν τις λέξεις με το σωστό ήχο
3,5,WRITTEN2WRITTEN,M5-A0-S0-B12-W0-F0-T0-X2-D1,Βάλε τα λουλούδια στις μηχανές που έχουν τις λέξεις με το σωστό ήχο
3,5,WRITTEN2WRITTEN,M5-A0-S0-B12-W0-F0-T0-X3-D1,Βάλε τα λουλούδια στις μηχανές που έχουν τις λέξεις με το σωστό ήχο
3,5,WRITTEN2WRITTEN,M5-A0-S0-B12-W0-F0-T0-X0-D2,Βάλε τα λουλούδια στις μηχανές που έχουν τις λέξεις με το σωστό ήχο
3,5,WRITTEN2WRITTEN,M5-A0-S0-B12-W0-F0-T0-X1-D2,Βάλε τα λουλούδια στις μηχανές που έχουν τις λέξεις με το σωστό ήχο
3,5,WRITTEN2WRITTEN,M5-A0-S0-B12-W0-F0-T0-X2-D2,Βάλε τα λουλούδια στις μηχανές που έχουν τις λέξεις με το σωστό ήχο
3,5,WRITTEN2WRITTEN,M5-A0-S0-B12-W0-F0-T0-X3-D2,Βάλε τα λουλούδια στις μηχανές που έχουν τις λέξεις με το σωστό ήχο
3,5,WRITTEN2WRITTEN,M5-A0-S0-B12-W0-F0-T0-X0-D3,Βάλε τα λουλούδια στις μηχανές που έχουν τις λέξεις με το σωστό ήχο
3,5,WRITTEN2WRITTEN,M5-A0-S0-B12-W0-F0-T0-X1-D3,Βάλε τα λουλούδια στις μηχανές που έχουν τις λέξεις με το σωστό ήχο
3,5,WRITTEN2WRITTEN,M5-A0-S0-B12-W0-F0-T0-X2-D3,Βάλε τα λουλούδια στις μηχανές που έχουν τις λέξεις με το σωστό ήχο
3,5,WRITTEN2WRITTEN,M5-A0-S0-B12-W0-F0-T0-X3-D3,Βάλε τα λουλούδια στις μηχανές που έχουν τις λέξεις με το σωστό ήχο
3,5,WRITTEN2WRITTEN,M5-A0-S0-B12-W4-F0-T0-X0-D0,Βάλε τα λουλούδια στις μηχανές που έχουν τις λέξεις με το σωστό ήχο
3,5,WRITTEN2WRITTEN,M5-A0-S0-B12-W4-F0-T0-X1-D0,Βάλε τα λουλούδια στις μηχανές που έχουν τις λέξεις με το σωστό ήχο
3,5,WRITTEN2WRITTEN,M5-A0-S0-B12-W4-F0-T0-X2-D0,Βάλε τα λουλούδια στις μηχανές που έχουν τις λέξεις με το σωστό ήχο
3,5,WRITTEN2WRITTEN,M5-A0-S0-B12-W4-F0-T0-X3-D0,Βάλε τα λουλούδια στις μηχανές που έχουν τις λέξεις με το σωστό ήχο
3,5,WRITTEN2WRITTEN,M5-A0-S0-B12-W4-F0-T0-X0-D1,Βάλε τα λουλούδια στις μηχανές που έχουν τις λέξεις με το σωστό ήχο
3,5,WRITTEN2WRITTEN,M5-A0-S0-B12-W4-F0-T0-X1-D1,Βάλε τα λουλούδια στις μηχανές που έχουν τις λέξεις με το σωστό ήχο
3,5,WRITTEN2WRITTEN,M5-A0-S0-B12-W4-F0-T0-X2-D1,Βάλε τα λουλούδια στις μηχανές που έχουν τις λέξεις με το σωστό ήχο
3,5,WRITTEN2WRITTEN,M5-A0-S0-B12-W4-F0-T0-X3-D1,Βάλε τα λουλούδια στις μηχανές που έχουν τις λέξεις με το σωστό ήχο
3,5,WRITTEN2WRITTEN,M5-A0-S0-B12-W4-F0-T0-X0-D2,Βάλε τα λουλούδια στις μηχανές που έχουν τις λέξεις με το σωστό ήχο
3,5,WRITTEN2WRITTEN,M5-A0-S0-B12-W4-F0-T0-X1-D2,Βάλε τα λουλούδια στις μηχανές που έχουν τις λέξεις με το σωστό ήχο
3,5,WRITTEN2WRITTEN,M5-A0-S0-B12-W4-F0-T0-X2-D2,Βάλε τα λουλούδια στις μηχανές που έχουν τις λέξεις με το σωστό ήχο
3,5,WRITTEN2WRITTEN,M5-A0-S0-B12-W4-F0-T0-X3-D2,Βάλε τα λουλούδια στις μηχανές που έχουν τις λέξεις με το σωστό ήχο
3,5,WRITTEN2WRITTEN,M5-A0-S0-B12-W4-F0-T0-X0-D3,Βάλε τα λουλούδια στις μηχανές που έχουν τις λέξεις με το σωστό ήχο
3,5,WRITTEN2WRITTEN,M5-A0-S0-B12-W4-F0-T0-X1-D3,Βάλε τα λουλούδια στις μηχανές που έχουν τις λέξεις με το σωστό ήχο
3,5,WRITTEN2WRITTEN,M5-A0-S0-B12-W4-F0-T0-X2-D3,Βάλε τα λουλούδια στις μηχανές που έχουν τις λέξεις με το σωστό ήχο
3,5,WRITTEN2WRITTEN,M5-A0-S0-B12-W4-F0-T0-X3-D3,Βάλε τα λουλούδια στις μηχανές που έχουν τις λέξεις με το σωστό ήχο
3,5,WRITTEN2WRITTEN,M5-A0-S0-B12-W9-F0-T0-X0-D0,Βάλε τα λουλούδια στις μηχανές που έχουν τις λέξεις με το σωστό ήχο
3,5,WRITTEN2WRITTEN,M5-A0-S0-B12-W9-F0-T0-X1-D0,Βάλε τα λουλούδια στις μηχανές που έχουν τις λέξεις με το σωστό ήχο
3,5,WRITTEN2WRITTEN,M5-A0-S0-B12-W9-F0-T0-X2-D0,Βάλε τα λουλούδια στις μηχανές που έχουν τις λέξεις με το σωστό ήχο
3,5,WRITTEN2WRITTEN,M5-A0-S0-B12-W9-F0-T0-X3-D0,Βάλε τα λουλούδια στις μηχανές που έχουν τις λέξεις με το σωστό ήχο
3,5,WRITTEN2WRITTEN,M5-A0-S0-B12-W9-F0-T0-X0-D1,Βάλε τα λουλούδια στις μηχανές που έχουν τις λέξεις με το σωστό ήχο
3,5,WRITTEN2WRITTEN,M5-A0-S0-B12-W9-F0-T0-X1-D1,Βάλε τα λουλούδια στις μηχανές που έχουν τις λέξεις με το σωστό ήχο
3,5,WRITTEN2WRITTEN,M5-A0-S0-B12-W9-F0-T0-X2-D1,Βάλε τα λουλούδια στις μηχανές που έχουν τις λέξεις με το σωστό ήχο
3,5,WRITTEN2WRITTEN,M5-A0-S0-B12-W9-F0-T0-X3-D1,Βάλε τα λουλούδια στις μηχανές που έχουν τις λέξεις με το σωστό ήχο
3,5,WRITTEN2WRITTEN,M5-A0-S0-B12-W9-F0-T0-X0-D2,Βάλε τα λουλούδια στις μηχανές που έχουν τις λέξεις με το σωστό ήχο
3,5,WRITTEN2WRITTEN,M5-A0-S0-B12-W9-F0-T0-X1-D2,Βάλε τα λουλούδια στις μηχανές που έχουν τις λέξεις με το σωστό ήχο
3,5,WRITTEN2WRITTEN,M5-A0-S0-B12-W9-F0-T0-X2-D2,Βάλε τα λουλούδια στις μηχανές που έχουν τις λέξεις με το σωστό ήχο
3,5,WRITTEN2WRITTEN,M5-A0-S0-B12-W9-F0-T0-X3-D2,Βάλε τα λουλούδια στις μηχανές που έχουν τις λέξεις με το σωστό ήχο
3,5,WRITTEN2WRITTEN,M5-A0-S0-B12-W9-F0-T0-X0-D3,Βάλε τα λουλούδια στις μηχανές που έχουν τις λέξεις με το σωστό ήχο
3,5,WRITTEN2WRITTEN,M5-A0-S0-B12-W9-F0-T0-X1-D3,Βάλε τα λουλούδια στις μηχανές που έχουν τις λέξεις με το σωστό ήχο
3,5,WRITTEN2WRITTEN,M5-A0-S0-B12-W9-F0-T0-X2-D3,Βάλε τα λουλούδια στις μηχανές που έχουν τις λέξεις με το σωστό ήχο
3,5,WRITTEN2WRITTEN,M5-A0-S0-B12-W9-F0-T0-X3-D3,Βάλε τα λουλούδια στις μηχανές που έχουν τις λέξεις με το σωστό ήχο
3,5,WRITTEN2WRITTEN,M5-A0-S0-B16-W0-F0-T0-X0-D0,Βάλε τα λουλούδια στις μηχανές που έχουν τις λέξεις με το σωστό ήχο
3,5,WRITTEN2WRITTEN,M5-A0-S0-B16-W0-F0-T0-X1-D0,Βάλε τα λουλούδια στις μηχανές που έχουν τις λέξεις με το σωστό ήχο
3,5,WRITTEN2WRITTEN,M5-A0-S0-B16-W0-F0-T0-X2-D0,Βάλε τα λουλούδια στις μηχανές που έχουν τις λέξεις με το σωστό ήχο
3,5,WRITTEN2WRITTEN,M5-A0-S0-B16-W0-F0-T0-X3-D0,Βάλε τα λουλούδια στις μηχανές που έχουν τις λέξεις με το σωστό ήχο
3,5,WRITTEN2WRITTEN,M5-A0-S0-B16-W0-F0-T0-X0-D1,Βάλε τα λουλούδια στις μηχανές που έχουν τις λέξεις με το σωστό ήχο
3,5,WRITTEN2WRITTEN,M5-A0-S0-B16-W0-F0-T0-X1-D1,Βάλε τα λουλούδια στις μηχανές που έχουν τις λέξεις με το σωστό ήχο
3,5,WRITTEN2WRITTEN,M5-A0-S0-B16-W0-F0-T0-X2-D1,Βάλε τα λουλούδια στις μηχανές που έχουν τις λέξεις με το σωστό ήχο
3,5,WRITTEN2WRITTEN,M5-A0-S0-B16-W0-F0-T0-X3-D1,Βάλε τα λουλούδια στις μηχανές που έχουν τις λέξεις με το σωστό ήχο
3,5,WRITTEN2WRITTEN,M5-A0-S0-B16-W0-F0-T0-X0-D2,Βάλε τα λουλούδια στις μηχανές που έχουν τις λέξεις με το σωστό ήχο
3,5,WRITTEN2WRITTEN,M5-A0-S0-B16-W0-F0-T0-X1-D2,Βάλε τα λουλούδια στις μηχανές που έχουν τις λέξεις με το σωστό ήχο
3,5,WRITTEN2WRITTEN,M5-A0-S0-B16-W0-F0-T0-X2-D2,Βάλε τα λουλούδια στις μηχανές που έχουν τις λέξεις με το σωστό ήχο
3,5,WRITTEN2WRITTEN,M5-A0-S0-B16-W0-F0-T0-X3-D2,Βάλε τα λουλούδια στις μηχανές που έχουν τις λέξεις με το σωστό ήχο
3,5,WRITTEN2WRITTEN,M5-A0-S0-B16-W0-F0-T0-X0-D3,Βάλε τα λουλούδια στις μηχανές που έχουν τις λέξεις με το σωστό ήχο
3,5,WRITTEN2WRITTEN,M5-A0-S0-B16-W0-F0-T0-X1-D3,Βάλε τα λουλούδια στις μηχανές που έχουν τις λέξεις με το σωστό ήχο
3,5,WRITTEN2WRITTEN,M5-A0-S0-B16-W0-F0-T0-X2-D3,Βάλε τα λουλούδια στις μηχανές που έχουν τις λέξεις με το σωστό ήχο
3,5,WRITTEN2WRITTEN,M5-A0-S0-B16-W0-F0-T0-X3-D3,Βάλε τα λουλούδια στις μηχανές που έχουν τις λέξεις με το σωστό ήχο
3,5,WRITTEN2WRITTEN,M5-A0-S0-B16-W4-F0-T0-X0-D0,Βάλε τα λουλούδια στις μηχανές που έχουν τις λέξεις με το σωστό ήχο
3,5,WRITTEN2WRITTEN,M5-A0-S0-B16-W4-F0-T0-X1-D0,Βάλε τα λουλούδια στις μηχανές που έχουν τις λέξεις με το σωστό ήχο
3,5,WRITTEN2WRITTEN,M5-A0-S0-B16-W4-F0-T0-X2-D0,Βάλε τα λουλούδια στις μηχανές που έχουν τις λέξεις με το σωστό ήχο
3,5,WRITTEN2WRITTEN,M5-A0-S0-B16-W4-F0-T0-X3-D0,Βάλε τα λουλούδια στις μηχανές που έχουν τις λέξεις με το σωστό ήχο
3,5,WRITTEN2WRITTEN,M5-A0-S0-B16-W4-F0-T0-X0-D1,Βάλε τα λουλούδια στις μηχανές που έχουν τις λέξεις με το σωστό ήχο
3,5,WRITTEN2WRITTEN,M5-A0-S0-B16-W4-F0-T0-X1-D1,Βάλε τα λουλούδια στις μηχανές που έχουν τις λέξεις με το σωστό ήχο
3,5,WRITTEN2WRITTEN,M5-A0-S0-B16-W4-F0-T0-X2-D1,Βάλε τα λουλούδια στις μηχανές που έχουν τις λέξεις με το σωστό ήχο
3,5,WRITTEN2WRITTEN,M5-A0-S0-B16-W4-F0-T0-X3-D1,Βάλε τα λουλούδια στις μηχανές που έχουν τις λέξεις με το σωστό ήχο
3,5,WRITTEN2WRITTEN,M5-A0-S0-B16-W4-F0-T0-X0-D2,Βάλε τα λουλούδια στις μηχανές που έχουν τις λέξεις με το σωστό ήχο
3,5,WRITTEN2WRITTEN,M5-A0-S0-B16-W4-F0-T0-X1-D2,Βάλε τα λουλούδια στις μηχανές που έχουν τις λέξεις με το σωστό ήχο
3,5,WRITTEN2WRITTEN,M5-A0-S0-B16-W4-F0-T0-X2-D2,Βάλε τα λουλούδια στις μηχανές που έχουν τις λέξεις με το σωστό ήχο
3,5,WRITTEN2WRITTEN,M5-A0-S0-B16-W4-F0-T0-X3-D2,Βάλε τα λουλούδια στις μηχανές που έχουν τις λέξεις με το σωστό ήχο
3,5,WRITTEN2WRITTEN,M5-A0-S0-B16-W4-F0-T0-X0-D3,Βάλε τα λουλούδια στις μηχανές που έχουν τις λέξεις με το σωστό ήχο
3,5,WRITTEN2WRITTEN,M5-A0-S0-B16-W4-F0-T0-X1-D3,Βάλε τα λουλούδια στις μηχανές που έχουν τις λέξεις με το σωστό ήχο
3,5,WRITTEN2WRITTEN,M5-A0-S0-B16-W4-F0-T0-X2-D3,Βάλε τα λουλούδια στις μηχανές που έχουν τις λέξεις με το σωστό ήχο
3,5,WRITTEN2WRITTEN,M5-A0-S0-B16-W4-F0-T0-X3-D3,Βάλε τα λουλούδια στις μηχανές που έχουν τις λέξεις με το σωστό ήχο
3,5,WRITTEN2WRITTEN,M5-A0-S0-B16-W9-F0-T0-X0-D0,Βάλε τα λουλούδια στις μηχανές που έχουν τις λέξεις με το σωστό ήχο
3,5,WRITTEN2WRITTEN,M5-A0-S0-B16-W9-F0-T0-X1-D0,Βάλε τα λουλούδια στις μηχανές που έχουν τις λέξεις με το σωστό ήχο
3,5,WRITTEN2WRITTEN,M5-A0-S0-B16-W9-F0-T0-X2-D0,Βάλε τα λουλούδια στις μηχανές που έχουν τις λέξεις με το σωστό ήχο
3,5,WRITTEN2WRITTEN,M5-A0-S0-B16-W9-F0-T0-X3-D0,Βάλε τα λουλούδια στις μηχανές που έχουν τις λέξεις με το σωστό ήχο
3,5,WRITTEN2WRITTEN,M5-A0-S0-B16-W9-F0-T0-X0-D1,Βάλε τα λουλούδια στις μηχανές που έχουν τις λέξεις με το σωστό ήχο
3,5,WRITTEN2WRITTEN,M5-A0-S0-B16-W9-F0-T0-X1-D1,Βάλε τα λουλούδια στις μηχανές που έχουν τις λέξεις με το σωστό ήχο
3,5,WRITTEN2WRITTEN,M5-A0-S0-B16-W9-F0-T0-X2-D1,Βάλε τα λουλούδια στις μηχανές που έχουν τις λέξεις με το σωστό ήχο
3,5,WRITTEN2WRITTEN,M5-A0-S0-B16-W9-F0-T0-X3-D1,Βάλε τα λουλούδια στις μηχανές που έχουν τις λέξεις με το σωστό ήχο
3,5,WRITTEN2WRITTEN,M5-A0-S0-B16-W9-F0-T0-X0-D2,Βάλε τα λουλούδια στις μηχανές που έχουν τις λέξεις με το σωστό ήχο
3,5,WRITTEN2WRITTEN,M5-A0-S0-B16-W9-F0-T0-X1-D2,Βάλε τα λουλούδια στις μηχανές που έχουν τις λέξεις με το σωστό ήχο
3,5,WRITTEN2WRITTEN,M5-A0-S0-B16-W9-F0-T0-X2-D2,Βάλε τα λουλούδια στις μηχανές που έχουν τις λέξεις με το σωστό ήχο
3,5,WRITTEN2WRITTEN,M5-A0-S0-B16-W9-F0-T0-X3-D2,Βάλε τα λουλούδια στις μηχανές που έχουν τις λέξεις με το σωστό ήχο
3,5,WRITTEN2WRITTEN,M5-A0-S0-B16-W9-F0-T0-X0-D3,Βάλε τα λουλούδια στις μηχανές που έχουν τις λέξεις με το σωστό ήχο
3,5,WRITTEN2WRITTEN,M5-A0-S0-B16-W9-F0-T0-X1-D3,Βάλε τα λουλούδια στις μηχανές που έχουν τις λέξεις με το σωστό ήχο
3,5,WRITTEN2WRITTEN,M5-A0-S0-B16-W9-F0-T0-X2-D3,Βάλε τα λουλούδια στις μηχανές που έχουν τις λέξεις με το σωστό ήχο
3,5,WRITTEN2WRITTEN,M5-A0-S0-B16-W9-F0-T0-X3-D3,Βάλε τα λουλούδια στις μηχανές που έχουν τις λέξεις με το σωστό ήχο
3,5,WRITTEN2WRITTEN,M5-A0-S0-B20-W0-F0-T0-X0-D0,Βάλε τα λουλούδια στις μηχανές που έχουν τις λέξεις με το σωστό ήχο
3,5,WRITTEN2WRITTEN,M5-A0-S0-B20-W0-F0-T0-X1-D0,Βάλε τα λουλούδια στις μηχανές που έχουν τις λέξεις με το σωστό ήχο
3,5,WRITTEN2WRITTEN,M5-A0-S0-B20-W0-F0-T0-X2-D0,Βάλε τα λουλούδια στις μηχανές που έχουν τις λέξεις με το σωστό ήχο
3,5,WRITTEN2WRITTEN,M5-A0-S0-B20-W0-F0-T0-X3-D0,Βάλε τα λουλούδια στις μηχανές που έχουν τις λέξεις με το σωστό ήχο
3,5,WRITTEN2WRITTEN,M5-A0-S0-B20-W0-F0-T0-X0-D1,Βάλε τα λουλούδια στις μηχανές που έχουν τις λέξεις με το σωστό ήχο
3,5,WRITTEN2WRITTEN,M5-A0-S0-B20-W0-F0-T0-X1-D1,Βάλε τα λουλούδια στις μηχανές που έχουν τις λέξεις με το σωστό ήχο
3,5,WRITTEN2WRITTEN,M5-A0-S0-B20-W0-F0-T0-X2-D1,Βάλε τα λουλούδια στις μηχανές που έχουν τις λέξεις με το σωστό ήχο
3,5,WRITTEN2WRITTEN,M5-A0-S0-B20-W0-F0-T0-X3-D1,Βάλε τα λουλούδια στις μηχανές που έχουν τις λέξεις με το σωστό ήχο
3,5,WRITTEN2WRITTEN,M5-A0-S0-B20-W0-F0-T0-X0-D2,Βάλε τα λουλούδια στις μηχανές που έχουν τις λέξεις με το σωστό ήχο
3,5,WRITTEN2WRITTEN,M5-A0-S0-B20-W0-F0-T0-X1-D2,Βάλε τα λουλούδια στις μηχανές που έχουν τις λέξεις με το σωστό ήχο
3,5,WRITTEN2WRITTEN,M5-A0-S0-B20-W0-F0-T0-X2-D2,Βάλε τα λουλούδια στις μηχανές που έχουν τις λέξεις με το σωστό ήχο
3,5,WRITTEN2WRITTEN,M5-A0-S0-B20-W0-F0-T0-X3-D2,Βάλε τα λουλούδια στις μηχανές που έχουν τις λέξεις με το σωστό ήχο
3,5,WRITTEN2WRITTEN,M5-A0-S0-B20-W0-F0-T0-X0-D3,Βάλε τα λουλούδια στις μηχανές που έχουν τις λέξεις με το σωστό ήχο
3,5,WRITTEN2WRITTEN,M5-A0-S0-B20-W0-F0-T0-X1-D3,Βάλε τα λουλούδια στις μηχανές που έχουν τις λέξεις με το σωστό ήχο
3,5,WRITTEN2WRITTEN,M5-A0-S0-B20-W0-F0-T0-X2-D3,Βάλε τα λουλούδια στις μηχανές που έχουν τις λέξεις με το σωστό ήχο
3,5,WRITTEN2WRITTEN,M5-A0-S0-B20-W0-F0-T0-X3-D3,Βάλε τα λουλούδια στις μηχανές που έχουν τις λέξεις με το σωστό ήχο
3,5,WRITTEN2WRITTEN,M5-A0-S0-B20-W4-F0-T0-X0-D0,Βάλε τα λουλούδια στις μηχανές που έχουν τις λέξεις με το σωστό ήχο
3,5,WRITTEN2WRITTEN,M5-A0-S0-B20-W4-F0-T0-X1-D0,Βάλε τα λουλούδια στις μηχανές που έχουν τις λέξεις με το σωστό ήχο
3,5,WRITTEN2WRITTEN,M5-A0-S0-B20-W4-F0-T0-X2-D0,Βάλε τα λουλούδια στις μηχανές που έχουν τις λέξεις με το σωστό ήχο
3,5,WRITTEN2WRITTEN,M5-A0-S0-B20-W4-F0-T0-X3-D0,Βάλε τα λουλούδια στις μηχανές που έχουν τις λέξεις με το σωστό ήχο
3,5,WRITTEN2WRITTEN,M5-A0-S0-B20-W4-F0-T0-X0-D1,Βάλε τα λουλούδια στις μηχανές που έχουν τις λέξεις με το σωστό ήχο
3,5,WRITTEN2WRITTEN,M5-A0-S0-B20-W4-F0-T0-X1-D1,Βάλε τα λουλούδια στις μηχανές που έχουν τις λέξεις με το σωστό ήχο
3,5,WRITTEN2WRITTEN,M5-A0-S0-B20-W4-F0-T0-X2-D1,Βάλε τα λουλούδια στις μηχανές που έχουν τις λέξεις με το σωστό ήχο
3,5,WRITTEN2WRITTEN,M5-A0-S0-B20-W4-F0-T0-X3-D1,Βάλε τα λουλούδια στις μηχανές που έχουν τις λέξεις με το σωστό ήχο
3,5,WRITTEN2WRITTEN,M5-A0-S0-B20-W4-F0-T0-X0-D2,Βάλε τα λουλούδια στις μηχανές που έχουν τις λέξεις με το σωστό ήχο
3,5,WRITTEN2WRITTEN,M5-A0-S0-B20-W4-F0-T0-X1-D2,Βάλε τα λουλούδια στις μηχανές που έχουν τις λέξεις με το σωστό ήχο
3,5,WRITTEN2WRITTEN,M5-A0-S0-B20-W4-F0-T0-X2-D2,Βάλε τα λουλούδια στις μηχανές που έχουν τις λέξεις με το σωστό ήχο
3,5,WRITTEN2WRITTEN,M5-A0-S0-B20-W4-F0-T0-X3-D2,Βάλε τα λουλούδια στις μηχανές που έχουν τις λέξεις με το σωστό ήχο
3,5,WRITTEN2WRITTEN,M5-A0-S0-B20-W4-F0-T0-X0-D3,Βάλε τα λουλούδια στις μηχανές που έχουν τις λέξεις με το σωστό ήχο
3,5,WRITTEN2WRITTEN,M5-A0-S0-B20-W4-F0-T0-X1-D3,Βάλε τα λουλούδια στις μηχανές που έχουν τις λέξεις με το σωστό ήχο
3,5,WRITTEN2WRITTEN,M5-A0-S0-B20-W4-F0-T0-X2-D3,Βάλε τα λουλούδια στις μηχανές που έχουν τις λέξεις με το σωστό ήχο
3,5,WRITTEN2WRITTEN,M5-A0-S0-B20-W4-F0-T0-X3-D3,Βάλε τα λουλούδια στις μηχανές που έχουν τις λέξεις με το σωστό ήχο
3,5,WRITTEN2WRITTEN,M5-A0-S0-B20-W9-F0-T0-X0-D0,Βάλε τα λουλούδια στις μηχανές που έχουν τις λέξεις με το σωστό ήχο
3,5,WRITTEN2WRITTEN,M5-A0-S0-B20-W9-F0-T0-X1-D0,Βάλε τα λουλούδια στις μηχανές που έχουν τις λέξεις με το σωστό ήχο
3,5,WRITTEN2WRITTEN,M5-A0-S0-B20-W9-F0-T0-X2-D0,Βάλε τα λουλούδια στις μηχανές που έχουν τις λέξεις με το σωστό ήχο
3,5,WRITTEN2WRITTEN,M5-A0-S0-B20-W9-F0-T0-X3-D0,Βάλε τα λουλούδια στις μηχανές που έχουν τις λέξεις με το σωστό ήχο
3,5,WRITTEN2WRITTEN,M5-A0-S0-B20-W9-F0-T0-X0-D1,Βάλε τα λουλούδια στις μηχανές που έχουν τις λέξεις με το σωστό ήχο
3,5,WRITTEN2WRITTEN,M5-A0-S0-B20-W9-F0-T0-X1-D1,Βάλε τα λουλούδια στις μηχανές που έχουν τις λέξεις με το σωστό ήχο
3,5,WRITTEN2WRITTEN,M5-A0-S0-B20-W9-F0-T0-X2-D1,Βάλε τα λουλούδια στις μηχανές που έχουν τις λέξεις με το σωστό ήχο
3,5,WRITTEN2WRITTEN,M5-A0-S0-B20-W9-F0-T0-X3-D1,Βάλε τα λουλούδια στις μηχανές που έχουν τις λέξεις με το σωστό ήχο
3,5,WRITTEN2WRITTEN,M5-A0-S0-B20-W9-F0-T0-X0-D2,Βάλε τα λουλούδια στις μηχανές που έχουν τις λέξεις με το σωστό ήχο
3,5,WRITTEN2WRITTEN,M5-A0-S0-B20-W9-F0-T0-X1-D2,Βάλε τα λουλούδια στις μηχανές που έχουν τις λέξεις με το σωστό ήχο
3,5,WRITTEN2WRITTEN,M5-A0-S0-B20-W9-F0-T0-X2-D2,Βάλε τα λουλούδια στις μηχανές που έχουν τις λέξεις με το σωστό ήχο
3,5,WRITTEN2WRITTEN,M5-A0-S0-B20-W9-F0-T0-X3-D2,Βάλε τα λουλούδια στις μηχανές που έχουν τις λέξεις με το σωστό ήχο
3,5,WRITTEN2WRITTEN,M5-A0-S0-B20-W9-F0-T0-X0-D3,Βάλε τα λουλούδια στις μηχανές που έχουν τις λέξεις με το σωστό ήχο
3,5,WRITTEN2WRITTEN,M5-A0-S0-B20-W9-F0-T0-X1-D3,Βάλε τα λουλούδια στις μηχανές που έχουν τις λέξεις με το σωστό ήχο
3,5,WRITTEN2WRITTEN,M5-A0-S0-B20-W9-F0-T0-X2-D3,Βάλε τα λουλούδια στις μηχανές που έχουν τις λέξεις με το σωστό ήχο
3,5,WRITTEN2WRITTEN,M5-A0-S0-B20-W9-F0-T0-X3-D3,Βάλε τα λουλούδια στις μηχανές που έχουν τις λέξεις με το σωστό ήχο
3,5,WRITTEN2WRITTEN,M5-A0-S0-B24-W0-F0-T0-X0-D0,Βάλε τα λουλούδια στις μηχανές που έχουν τις λέξεις με το σωστό ήχο
3,5,WRITTEN2WRITTEN,M5-A0-S0-B24-W0-F0-T0-X1-D0,Βάλε τα λουλούδια στις μηχανές που έχουν τις λέξεις με το σωστό ήχο
3,5,WRITTEN2WRITTEN,M5-A0-S0-B24-W0-F0-T0-X2-D0,Βάλε τα λουλούδια στις μηχανές που έχουν τις λέξεις με το σωστό ήχο
3,5,WRITTEN2WRITTEN,M5-A0-S0-B24-W0-F0-T0-X3-D0,Βάλε τα λουλούδια στις μηχανές που έχουν τις λέξεις με το σωστό ήχο
3,5,WRITTEN2WRITTEN,M5-A0-S0-B24-W0-F0-T0-X0-D1,Βάλε τα λουλούδια στις μηχανές που έχουν τις λέξεις με το σωστό ήχο
3,5,WRITTEN2WRITTEN,M5-A0-S0-B24-W0-F0-T0-X1-D1,Βάλε τα λουλούδια στις μηχανές που έχουν τις λέξεις με το σωστό ήχο
3,5,WRITTEN2WRITTEN,M5-A0-S0-B24-W0-F0-T0-X2-D1,Βάλε τα λουλούδια στις μηχανές που έχουν τις λέξεις με το σωστό ήχο
3,5,WRITTEN2WRITTEN,M5-A0-S0-B24-W0-F0-T0-X3-D1,Βάλε τα λουλούδια στις μηχανές που έχουν τις λέξεις με το σωστό ήχο
3,5,WRITTEN2WRITTEN,M5-A0-S0-B24-W0-F0-T0-X0-D2,Βάλε τα λουλούδια στις μηχανές που έχουν τις λέξεις με το σωστό ήχο
3,5,WRITTEN2WRITTEN,M5-A0-S0-B24-W0-F0-T0-X1-D2,Βάλε τα λουλούδια στις μηχανές που έχουν τις λέξεις με το σωστό ήχο
3,5,WRITTEN2WRITTEN,M5-A0-S0-B24-W0-F0-T0-X2-D2,Βάλε τα λουλούδια στις μηχανές που έχουν τις λέξεις με το σωστό ήχο
3,5,WRITTEN2WRITTEN,M5-A0-S0-B24-W0-F0-T0-X3-D2,Βάλε τα λουλούδια στις μηχανές που έχουν τις λέξεις με το σωστό ήχο
3,5,WRITTEN2WRITTEN,M5-A0-S0-B24-W0-F0-T0-X0-D3,Βάλε τα λουλούδια στις μηχανές που έχουν τις λέξεις με το σωστό ήχο
3,5,WRITTEN2WRITTEN,M5-A0-S0-B24-W0-F0-T0-X1-D3,Βάλε τα λουλούδια στις μηχανές που έχουν τις λέξεις με το σωστό ήχο
3,5,WRITTEN2WRITTEN,M5-A0-S0-B24-W0-F0-T0-X2-D3,Βάλε τα λουλούδια στις μηχανές που έχουν τις λέξεις με το σωστό ήχο
3,5,WRITTEN2WRITTEN,M5-A0-S0-B24-W0-F0-T0-X3-D3,Βάλε τα λουλούδια στις μηχανές που έχουν τις λέξεις με το σωστό ήχο
3,5,WRITTEN2WRITTEN,M5-A0-S0-B24-W4-F0-T0-X0-D0,Βάλε τα λουλούδια στις μηχανές που έχουν τις λέξεις με το σωστό ήχο
3,5,WRITTEN2WRITTEN,M5-A0-S0-B24-W4-F0-T0-X1-D0,Βάλε τα λουλούδια στις μηχανές που έχουν τις λέξεις με το σωστό ήχο
3,5,WRITTEN2WRITTEN,M5-A0-S0-B24-W4-F0-T0-X2-D0,Βάλε τα λουλούδια στις μηχανές που έχουν τις λέξεις με το σωστό ήχο
3,5,WRITTEN2WRITTEN,M5-A0-S0-B24-W4-F0-T0-X3-D0,Βάλε τα λουλούδια στις μηχανές που έχουν τις λέξεις με το σωστό ήχο
3,5,WRITTEN2WRITTEN,M5-A0-S0-B24-W4-F0-T0-X0-D1,Βάλε τα λουλούδια στις μηχανές που έχουν τις λέξεις με το σωστό ήχο
3,5,WRITTEN2WRITTEN,M5-A0-S0-B24-W4-F0-T0-X1-D1,Βάλε τα λουλούδια στις μηχανές που έχουν τις λέξεις με το σωστό ήχο
3,5,WRITTEN2WRITTEN,M5-A0-S0-B24-W4-F0-T0-X2-D1,Βάλε τα λουλούδια στις μηχανές που έχουν τις λέξεις με το σωστό ήχο
3,5,WRITTEN2WRITTEN,M5-A0-S0-B24-W4-F0-T0-X3-D1,Βάλε τα λουλούδια στις μηχανές που έχουν τις λέξεις με το σωστό ήχο
3,5,WRITTEN2WRITTEN,M5-A0-S0-B24-W4-F0-T0-X0-D2,Βάλε τα λουλούδια στις μηχανές που έχουν τις λέξεις με το σωστό ήχο
3,5,WRITTEN2WRITTEN,M5-A0-S0-B24-W4-F0-T0-X1-D2,Βάλε τα λουλούδια στις μηχανές που έχουν τις λέξεις με το σωστό ήχο
3,5,WRITTEN2WRITTEN,M5-A0-S0-B24-W4-F0-T0-X2-D2,Βάλε τα λουλούδια στις μηχανές που έχουν τις λέξεις με το σωστό ήχο
3,5,WRITTEN2WRITTEN,M5-A0-S0-B24-W4-F0-T0-X3-D2,Βάλε τα λουλούδια στις μηχανές που έχουν τις λέξεις με το σωστό ήχο
3,5,WRITTEN2WRITTEN,M5-A0-S0-B24-W4-F0-T0-X0-D3,Βάλε τα λουλούδια στις μηχανές που έχουν τις λέξεις με το σωστό ήχο
3,5,WRITTEN2WRITTEN,M5-A0-S0-B24-W4-F0-T0-X1-D3,Βάλε τα λουλούδια στις μηχανές που έχουν τις λέξεις με το σωστό ήχο
3,5,WRITTEN2WRITTEN,M5-A0-S0-B24-W4-F0-T0-X2-D3,Βάλε τα λουλούδια στις μηχανές που έχουν τις λέξεις με το σωστό ήχο
3,5,WRITTEN2WRITTEN,M5-A0-S0-B24-W4-F0-T0-X3-D3,Βάλε τα λουλούδια στις μηχανές που έχουν τις λέξεις με το σωστό ήχο
3,5,WRITTEN2WRITTEN,M5-A0-S0-B24-W9-F0-T0-X0-D0,Βάλε τα λουλούδια στις μηχανές που έχουν τις λέξεις με το σωστό ήχο
3,5,WRITTEN2WRITTEN,M5-A0-S0-B24-W9-F0-T0-X1-D0,Βάλε τα λουλούδια στις μηχανές που έχουν τις λέξεις με το σωστό ήχο
3,5,WRITTEN2WRITTEN,M5-A0-S0-B24-W9-F0-T0-X2-D0,Βάλε τα λουλούδια στις μηχανές που έχουν τις λέξεις με το σωστό ήχο
3,5,WRITTEN2WRITTEN,M5-A0-S0-B24-W9-F0-T0-X3-D0,Βάλε τα λουλούδια στις μηχανές που έχουν τις λέξεις με το σωστό ήχο
3,5,WRITTEN2WRITTEN,M5-A0-S0-B24-W9-F0-T0-X0-D1,Βάλε τα λουλούδια στις μηχανές που έχουν τις λέξεις με το σωστό ήχο
3,5,WRITTEN2WRITTEN,M5-A0-S0-B24-W9-F0-T0-X1-D1,Βάλε τα λουλούδια στις μηχανές που έχουν τις λέξεις με το σωστό ήχο
3,5,WRITTEN2WRITTEN,M5-A0-S0-B24-W9-F0-T0-X2-D1,Βάλε τα λουλούδια στις μηχανές που έχουν τις λέξεις με το σωστό ήχο
3,5,WRITTEN2WRITTEN,M5-A0-S0-B24-W9-F0-T0-X3-D1,Βάλε τα λουλούδια στις μηχανές που έχουν τις λέξεις με το σωστό ήχο
3,5,WRITTEN2WRITTEN,M5-A0-S0-B24-W9-F0-T0-X0-D2,Βάλε τα λουλούδια στις μηχανές που έχουν τις λέξεις με το σωστό ήχο
3,5,WRITTEN2WRITTEN,M5-A0-S0-B24-W9-F0-T0-X1-D2,Βάλε τα λουλούδια στις μηχανές που έχουν τις λέξεις με το σωστό ήχο
3,5,WRITTEN2WRITTEN,M5-A0-S0-B24-W9-F0-T0-X2-D2,Βάλε τα λουλούδια στις μηχανές που έχουν τις λέξεις με το σωστό ήχο
3,5,WRITTEN2WRITTEN,M5-A0-S0-B24-W9-F0-T0-X3-D2,Βάλε τα λουλούδια στις μηχανές που έχουν τις λέξεις με το σωστό ήχο
3,5,WRITTEN2WRITTEN,M5-A0-S0-B24-W9-F0-T0-X0-D3,Βάλε τα λουλούδια στις μηχανές που έχουν τις λέξεις με το σωστό ήχο
3,5,WRITTEN2WRITTEN,M5-A0-S0-B24-W9-F0-T0-X1-D3,Βάλε τα λουλούδια στις μηχανές που έχουν τις λέξεις με το σωστό ήχο
3,5,WRITTEN2WRITTEN,M5-A0-S0-B24-W9-F0-T0-X2-D3,Βάλε τα λουλούδια στις μηχανές που έχουν τις λέξεις με το σωστό ήχο
3,5,WRITTEN2WRITTEN,M5-A0-S0-B24-W9-F0-T0-X3-D3,Βάλε τα λουλούδια στις μηχανές που έχουν τις λέξεις με το σωστό ήχο
4,6,WRITTEN2WRITTEN,M6-A0-S0-B12-W0-F0-T0-X0-D0,Βάλε τα λουλούδια στις μηχανές που έχουν τις λέξεις με τον ίδιο αριθμό συλλαβών
4,6,WRITTEN2WRITTEN,M6-A0-S0-B12-W0-F0-T0-X1-D0,Βάλε τα λουλούδια στις μηχανές που έχουν τις λέξεις με τον ίδιο αριθμό συλλαβών
4,6,WRITTEN2WRITTEN,M6-A0-S0-B12-W0-F0-T0-X2-D0,Βάλε τα λουλούδια στις μηχανές που έχουν τις λέξεις με τον ίδιο αριθμό συλλαβών
4,6,WRITTEN2WRITTEN,M6-A0-S0-B12-W0-F0-T0-X3-D0,Βάλε τα λουλούδια στις μηχανές που έχουν τις λέξεις με τον ίδιο αριθμό συλλαβών
4,6,WRITTEN2WRITTEN,M6-A0-S0-B12-W0-F0-T0-X0-D1,Βάλε τα λουλούδια στις μηχανές που έχουν τις λέξεις με τον ίδιο αριθμό συλλαβών
4,6,WRITTEN2WRITTEN,M6-A0-S0-B12-W0-F0-T0-X1-D1,Βάλε τα λουλούδια στις μηχανές που έχουν τις λέξεις με τον ίδιο αριθμό συλλαβών
4,6,WRITTEN2WRITTEN,M6-A0-S0-B12-W0-F0-T0-X2-D1,Βάλε τα λουλούδια στις μηχανές που έχουν τις λέξεις με τον ίδιο αριθμό συλλαβών
4,6,WRITTEN2WRITTEN,M6-A0-S0-B12-W0-F0-T0-X3-D1,Βάλε τα λουλούδια στις μηχανές που έχουν τις λέξεις με τον ίδιο αριθμό συλλαβών
4,6,WRITTEN2WRITTEN,M6-A0-S0-B12-W0-F0-T0-X0-D2,Βάλε τα λουλούδια στις μηχανές που έχουν τις λέξεις με τον ίδιο αριθμό συλλαβών
4,6,WRITTEN2WRITTEN,M6-A0-S0-B12-W0-F0-T0-X1-D2,Βάλε τα λουλούδια στις μηχανές που έχουν τις λέξεις με τον ίδιο αριθμό συλλαβών
4,6,WRITTEN2WRITTEN,M6-A0-S0-B12-W0-F0-T0-X2-D2,Βάλε τα λουλούδια στις μηχανές που έχουν τις λέξεις με τον ίδιο αριθμό συλλαβών
4,6,WRITTEN2WRITTEN,M6-A0-S0-B12-W0-F0-T0-X3-D2,Βάλε τα λουλούδια στις μηχανές που έχουν τις λέξεις με τον ίδιο αριθμό συλλαβών
4,6,WRITTEN2WRITTEN,M6-A0-S0-B12-W0-F0-T0-X0-D3,Βάλε τα λουλούδια στις μηχανές που έχουν τις λέξεις με τον ίδιο αριθμό συλλαβών
4,6,WRITTEN2WRITTEN,M6-A0-S0-B12-W0-F0-T0-X1-D3,Βάλε τα λουλούδια στις μηχανές που έχουν τις λέξεις με τον ίδιο αριθμό συλλαβών
4,6,WRITTEN2WRITTEN,M6-A0-S0-B12-W0-F0-T0-X2-D3,Βάλε τα λουλούδια στις μηχανές που έχουν τις λέξεις με τον ίδιο αριθμό συλλαβών
4,6,WRITTEN2WRITTEN,M6-A0-S0-B12-W0-F0-T0-X3-D3,Βάλε τα λουλούδια στις μηχανές που έχουν τις λέξεις με τον ίδιο αριθμό συλλαβών
4,6,WRITTEN2WRITTEN,M6-A0-S0-B12-W4-F0-T0-X0-D0,Βάλε τα λουλούδια στις μηχανές που έχουν τις λέξεις με τον ίδιο αριθμό συλλαβών
4,6,WRITTEN2WRITTEN,M6-A0-S0-B12-W4-F0-T0-X1-D0,Βάλε τα λουλούδια στις μηχανές που έχουν τις λέξεις με τον ίδιο αριθμό συλλαβών
4,6,WRITTEN2WRITTEN,M6-A0-S0-B12-W4-F0-T0-X2-D0,Βάλε τα λουλούδια στις μηχανές που έχουν τις λέξεις με τον ίδιο αριθμό συλλαβών
4,6,WRITTEN2WRITTEN,M6-A0-S0-B12-W4-F0-T0-X3-D0,Βάλε τα λουλούδια στις μηχανές που έχουν τις λέξεις με τον ίδιο αριθμό συλλαβών
4,6,WRITTEN2WRITTEN,M6-A0-S0-B12-W4-F0-T0-X0-D1,Βάλε τα λουλούδια στις μηχανές που έχουν τις λέξεις με τον ίδιο αριθμό συλλαβών
4,6,WRITTEN2WRITTEN,M6-A0-S0-B12-W4-F0-T0-X1-D1,Βάλε τα λουλούδια στις μηχανές που έχουν τις λέξεις με τον ίδιο αριθμό συλλαβών
4,6,WRITTEN2WRITTEN,M6-A0-S0-B12-W4-F0-T0-X2-D1,Βάλε τα λουλούδια στις μηχανές που έχουν τις λέξεις με τον ίδιο αριθμό συλλαβών
4,6,WRITTEN2WRITTEN,M6-A0-S0-B12-W4-F0-T0-X3-D1,Βάλε τα λουλούδια στις μηχανές που έχουν τις λέξεις με τον ίδιο αριθμό συλλαβών
4,6,WRITTEN2WRITTEN,M6-A0-S0-B12-W4-F0-T0-X0-D2,Βάλε τα λουλούδια στις μηχανές που έχουν τις λέξεις με τον ίδιο αριθμό συλλαβών
4,6,WRITTEN2WRITTEN,M6-A0-S0-B12-W4-F0-T0-X1-D2,Βάλε τα λουλούδια στις μηχανές που έχουν τις λέξεις με τον ίδιο αριθμό συλλαβών
4,6,WRITTEN2WRITTEN,M6-A0-S0-B12-W4-F0-T0-X2-D2,Βάλε τα λουλούδια στις μηχανές που έχουν τις λέξεις με τον ίδιο αριθμό συλλαβών
4,6,WRITTEN2WRITTEN,M6-A0-S0-B12-W4-F0-T0-X3-D2,Βάλε τα λουλούδια στις μηχανές που έχουν τις λέξεις με τον ίδιο αριθμό συλλαβών
4,6,WRITTEN2WRITTEN,M6-A0-S0-B12-W4-F0-T0-X0-D3,Βάλε τα λουλούδια στις μηχανές που έχουν τις λέξεις με τον ίδιο αριθμό συλλαβών
4,6,WRITTEN2WRITTEN,M6-A0-S0-B12-W4-F0-T0-X1-D3,Βάλε τα λουλούδια στις μηχανές που έχουν τις λέξεις με τον ίδιο αριθμό συλλαβών
4,6,WRITTEN2WRITTEN,M6-A0-S0-B12-W4-F0-T0-X2-D3,Βάλε τα λουλούδια στις μηχανές που έχουν τις λέξεις με τον ίδιο αριθμό συλλαβών
4,6,WRITTEN2WRITTEN,M6-A0-S0-B12-W4-F0-T0-X3-D3,Βάλε τα λουλούδια στις μηχανές που έχουν τις λέξεις με τον ίδιο αριθμό συλλαβών
4,6,WRITTEN2WRITTEN,M6-A0-S0-B12-W9-F0-T0-X0-D0,Βάλε τα λουλούδια στις μηχανές που έχουν τις λέξεις με τον ίδιο αριθμό συλλαβών
4,6,WRITTEN2WRITTEN,M6-A0-S0-B12-W9-F0-T0-X1-D0,Βάλε τα λουλούδια στις μηχανές που έχουν τις λέξεις με τον ίδιο αριθμό συλλαβών
4,6,WRITTEN2WRITTEN,M6-A0-S0-B12-W9-F0-T0-X2-D0,Βάλε τα λουλούδια στις μηχανές που έχουν τις λέξεις με τον ίδιο αριθμό συλλαβών
4,6,WRITTEN2WRITTEN,M6-A0-S0-B12-W9-F0-T0-X3-D0,Βάλε τα λουλούδια στις μηχανές που έχουν τις λέξεις με τον ίδιο αριθμό συλλαβών
4,6,WRITTEN2WRITTEN,M6-A0-S0-B12-W9-F0-T0-X0-D1,Βάλε τα λουλούδια στις μηχανές που έχουν τις λέξεις με τον ίδιο αριθμό συλλαβών
4,6,WRITTEN2WRITTEN,M6-A0-S0-B12-W9-F0-T0-X1-D1,Βάλε τα λουλούδια στις μηχανές που έχουν τις λέξεις με τον ίδιο αριθμό συλλαβών
4,6,WRITTEN2WRITTEN,M6-A0-S0-B12-W9-F0-T0-X2-D1,Βάλε τα λουλούδια στις μηχανές που έχουν τις λέξεις με τον ίδιο αριθμό συλλαβών
4,6,WRITTEN2WRITTEN,M6-A0-S0-B12-W9-F0-T0-X3-D1,Βάλε τα λουλούδια στις μηχανές που έχουν τις λέξεις με τον ίδιο αριθμό συλλαβών
4,6,WRITTEN2WRITTEN,M6-A0-S0-B12-W9-F0-T0-X0-D2,Βάλε τα λουλούδια στις μηχανές που έχουν τις λέξεις με τον ίδιο αριθμό συλλαβών
4,6,WRITTEN2WRITTEN,M6-A0-S0-B12-W9-F0-T0-X1-D2,Βάλε τα λουλούδια στις μηχανές που έχουν τις λέξεις με τον ίδιο αριθμό συλλαβών
4,6,WRITTEN2WRITTEN,M6-A0-S0-B12-W9-F0-T0-X2-D2,Βάλε τα λουλούδια στις μηχανές που έχουν τις λέξεις με τον ίδιο αριθμό συλλαβών
4,6,WRITTEN2WRITTEN,M6-A0-S0-B12-W9-F0-T0-X3-D2,Βάλε τα λουλούδια στις μηχανές που έχουν τις λέξεις με τον ίδιο αριθμό συλλαβών
4,6,WRITTEN2WRITTEN,M6-A0-S0-B12-W9-F0-T0-X0-D3,Βάλε τα λουλούδια στις μηχανές που έχουν τις λέξεις με τον ίδιο αριθμό συλλαβών
4,6,WRITTEN2WRITTEN,M6-A0-S0-B12-W9-F0-T0-X1-D3,Βάλε τα λουλούδια στις μηχανές που έχουν τις λέξεις με τον ίδιο αριθμό συλλαβών
4,6,WRITTEN2WRITTEN,M6-A0-S0-B12-W9-F0-T0-X2-D3,Βάλε τα λουλούδια στις μηχανές που έχουν τις λέξεις με τον ίδιο αριθμό συλλαβών
4,6,WRITTEN2WRITTEN,M6-A0-S0-B12-W9-F0-T0-X3-D3,Βάλε τα λουλούδια στις μηχανές που έχουν τις λέξεις με τον ίδιο αριθμό συλλαβών
4,6,WRITTEN2WRITTEN,M6-A0-S0-B16-W0-F0-T0-X0-D0,Βάλε τα λουλούδια στις μηχανές που έχουν τις λέξεις με τον ίδιο αριθμό συλλαβών
4,6,WRITTEN2WRITTEN,M6-A0-S0-B16-W0-F0-T0-X1-D0,Βάλε τα λουλούδια στις μηχανές που έχουν τις λέξεις με τον ίδιο αριθμό συλλαβών
4,6,WRITTEN2WRITTEN,M6-A0-S0-B16-W0-F0-T0-X2-D0,Βάλε τα λουλούδια στις μηχανές που έχουν τις λέξεις με τον ίδιο αριθμό συλλαβών
4,6,WRITTEN2WRITTEN,M6-A0-S0-B16-W0-F0-T0-X3-D0,Βάλε τα λουλούδια στις μηχανές που έχουν τις λέξεις με τον ίδιο αριθμό συλλαβών
4,6,WRITTEN2WRITTEN,M6-A0-S0-B16-W0-F0-T0-X0-D1,Βάλε τα λουλούδια στις μηχανές που έχουν τις λέξεις με τον ίδιο αριθμό συλλαβών
4,6,WRITTEN2WRITTEN,M6-A0-S0-B16-W0-F0-T0-X1-D1,Βάλε τα λουλούδια στις μηχανές που έχουν τις λέξεις με τον ίδιο αριθμό συλλαβών
4,6,WRITTEN2WRITTEN,M6-A0-S0-B16-W0-F0-T0-X2-D1,Βάλε τα λουλούδια στις μηχανές που έχουν τις λέξεις με τον ίδιο αριθμό συλλαβών
4,6,WRITTEN2WRITTEN,M6-A0-S0-B16-W0-F0-T0-X3-D1,Βάλε τα λουλούδια στις μηχανές που έχουν τις λέξεις με τον ίδιο αριθμό συλλαβών
4,6,WRITTEN2WRITTEN,M6-A0-S0-B16-W0-F0-T0-X0-D2,Βάλε τα λουλούδια στις μηχανές που έχουν τις λέξεις με τον ίδιο αριθμό συλλαβών
4,6,WRITTEN2WRITTEN,M6-A0-S0-B16-W0-F0-T0-X1-D2,Βάλε τα λουλούδια στις μηχανές που έχουν τις λέξεις με τον ίδιο αριθμό συλλαβών
4,6,WRITTEN2WRITTEN,M6-A0-S0-B16-W0-F0-T0-X2-D2,Βάλε τα λουλούδια στις μηχανές που έχουν τις λέξεις με τον ίδιο αριθμό συλλαβών
4,6,WRITTEN2WRITTEN,M6-A0-S0-B16-W0-F0-T0-X3-D2,Βάλε τα λουλούδια στις μηχανές που έχουν τις λέξεις με τον ίδιο αριθμό συλλαβών
4,6,WRITTEN2WRITTEN,M6-A0-S0-B16-W0-F0-T0-X0-D3,Βάλε τα λουλούδια στις μηχανές που έχουν τις λέξεις με τον ίδιο αριθμό συλλαβών
4,6,WRITTEN2WRITTEN,M6-A0-S0-B16-W0-F0-T0-X1-D3,Βάλε τα λουλούδια στις μηχανές που έχουν τις λέξεις με τον ίδιο αριθμό συλλαβών
4,6,WRITTEN2WRITTEN,M6-A0-S0-B16-W0-F0-T0-X2-D3,Βάλε τα λουλούδια στις μηχανές που έχουν τις λέξεις με τον ίδιο αριθμό συλλαβών
4,6,WRITTEN2WRITTEN,M6-A0-S0-B16-W0-F0-T0-X3-D3,Βάλε τα λουλούδια στις μηχανές που έχουν τις λέξεις με τον ίδιο αριθμό συλλαβών
4,6,WRITTEN2WRITTEN,M6-A0-S0-B16-W4-F0-T0-X0-D0,Βάλε τα λουλούδια στις μηχανές που έχουν τις λέξεις με τον ίδιο αριθμό συλλαβών
4,6,WRITTEN2WRITTEN,M6-A0-S0-B16-W4-F0-T0-X1-D0,Βάλε τα λουλούδια στις μηχανές που έχουν τις λέξεις με τον ίδιο αριθμό συλλαβών
4,6,WRITTEN2WRITTEN,M6-A0-S0-B16-W4-F0-T0-X2-D0,Βάλε τα λουλούδια στις μηχανές που έχουν τις λέξεις με τον ίδιο αριθμό συλλαβών
4,6,WRITTEN2WRITTEN,M6-A0-S0-B16-W4-F0-T0-X3-D0,Βάλε τα λουλούδια στις μηχανές που έχουν τις λέξεις με τον ίδιο αριθμό συλλαβών
4,6,WRITTEN2WRITTEN,M6-A0-S0-B16-W4-F0-T0-X0-D1,Βάλε τα λουλούδια στις μηχανές που έχουν τις λέξεις με τον ίδιο αριθμό συλλαβών
4,6,WRITTEN2WRITTEN,M6-A0-S0-B16-W4-F0-T0-X1-D1,Βάλε τα λουλούδια στις μηχανές που έχουν τις λέξεις με τον ίδιο αριθμό συλλαβών
4,6,WRITTEN2WRITTEN,M6-A0-S0-B16-W4-F0-T0-X2-D1,Βάλε τα λουλούδια στις μηχανές που έχουν τις λέξεις με τον ίδιο αριθμό συλλαβών
4,6,WRITTEN2WRITTEN,M6-A0-S0-B16-W4-F0-T0-X3-D1,Βάλε τα λουλούδια στις μηχανές που έχουν τις λέξεις με τον ίδιο αριθμό συλλαβών
4,6,WRITTEN2WRITTEN,M6-A0-S0-B16-W4-F0-T0-X0-D2,Βάλε τα λουλούδια στις μηχανές που έχουν τις λέξεις με τον ίδιο αριθμό συλλαβών
4,6,WRITTEN2WRITTEN,M6-A0-S0-B16-W4-F0-T0-X1-D2,Βάλε τα λουλούδια στις μηχανές που έχουν τις λέξεις με τον ίδιο αριθμό συλλαβών
4,6,WRITTEN2WRITTEN,M6-A0-S0-B16-W4-F0-T0-X2-D2,Βάλε τα λουλούδια στις μηχανές που έχουν τις λέξεις με τον ίδιο αριθμό συλλαβών
4,6,WRITTEN2WRITTEN,M6-A0-S0-B16-W4-F0-T0-X3-D2,Βάλε τα λουλούδια στις μηχανές που έχουν τις λέξεις με τον ίδιο αριθμό συλλαβών
4,6,WRITTEN2WRITTEN,M6-A0-S0-B16-W4-F0-T0-X0-D3,Βάλε τα λουλούδια στις μηχανές που έχουν τις λέξεις με τον ίδιο αριθμό συλλαβών
4,6,WRITTEN2WRITTEN,M6-A0-S0-B16-W4-F0-T0-X1-D3,Βάλε τα λουλούδια στις μηχανές που έχουν τις λέξεις με τον ίδιο αριθμό συλλαβών
4,6,WRITTEN2WRITTEN,M6-A0-S0-B16-W4-F0-T0-X2-D3,Βάλε τα λουλούδια στις μηχανές που έχουν τις λέξεις με τον ίδιο αριθμό συλλαβών
4,6,WRITTEN2WRITTEN,M6-A0-S0-B16-W4-F0-T0-X3-D3,Βάλε τα λουλούδια στις μηχανές που έχουν τις λέξεις με τον ίδιο αριθμό συλλαβών
4,6,WRITTEN2WRITTEN,M6-A0-S0-B16-W9-F0-T0-X0-D0,Βάλε τα λουλούδια στις μηχανές που έχουν τις λέξεις με τον ίδιο αριθμό συλλαβών
4,6,WRITTEN2WRITTEN,M6-A0-S0-B16-W9-F0-T0-X1-D0,Βάλε τα λουλούδια στις μηχανές που έχουν τις λέξεις με τον ίδιο αριθμό συλλαβών
4,6,WRITTEN2WRITTEN,M6-A0-S0-B16-W9-F0-T0-X2-D0,Βάλε τα λουλούδια στις μηχανές που έχουν τις λέξεις με τον ίδιο αριθμό συλλαβών
4,6,WRITTEN2WRITTEN,M6-A0-S0-B16-W9-F0-T0-X3-D0,Βάλε τα λουλούδια στις μηχανές που έχουν τις λέξεις με τον ίδιο αριθμό συλλαβών
4,6,WRITTEN2WRITTEN,M6-A0-S0-B16-W9-F0-T0-X0-D1,Βάλε τα λουλούδια στις μηχανές που έχουν τις λέξεις με τον ίδιο αριθμό συλλαβών
4,6,WRITTEN2WRITTEN,M6-A0-S0-B16-W9-F0-T0-X1-D1,Βάλε τα λουλούδια στις μηχανές που έχουν τις λέξεις με τον ίδιο αριθμό συλλαβών
4,6,WRITTEN2WRITTEN,M6-A0-S0-B16-W9-F0-T0-X2-D1,Βάλε τα λουλούδια στις μηχανές που έχουν τις λέξεις με τον ίδιο αριθμό συλλαβών
4,6,WRITTEN2WRITTEN,M6-A0-S0-B16-W9-F0-T0-X3-D1,Βάλε τα λουλούδια στις μηχανές που έχουν τις λέξεις με τον ίδιο αριθμό συλλαβών
4,6,WRITTEN2WRITTEN,M6-A0-S0-B16-W9-F0-T0-X0-D2,Βάλε τα λουλούδια στις μηχανές που έχουν τις λέξεις με τον ίδιο αριθμό συλλαβών
4,6,WRITTEN2WRITTEN,M6-A0-S0-B16-W9-F0-T0-X1-D2,Βάλε τα λουλούδια στις μηχανές που έχουν τις λέξεις με τον ίδιο αριθμό συλλαβών
4,6,WRITTEN2WRITTEN,M6-A0-S0-B16-W9-F0-T0-X2-D2,Βάλε τα λουλούδια στις μηχανές που έχουν τις λέξεις με τον ίδιο αριθμό συλλαβών
4,6,WRITTEN2WRITTEN,M6-A0-S0-B16-W9-F0-T0-X3-D2,Βάλε τα λουλούδια στις μηχανές που έχουν τις λέξεις με τον ίδιο αριθμό συλλαβών
4,6,WRITTEN2WRITTEN,M6-A0-S0-B16-W9-F0-T0-X0-D3,Βάλε τα λουλούδια στις μηχανές που έχουν τις λέξεις με τον ίδιο αριθμό συλλαβών
4,6,WRITTEN2WRITTEN,M6-A0-S0-B16-W9-F0-T0-X1-D3,Βάλε τα λουλούδια στις μηχανές που έχουν τις λέξεις με τον ίδιο αριθμό συλλαβών
4,6,WRITTEN2WRITTEN,M6-A0-S0-B16-W9-F0-T0-X2-D3,Βάλε τα λουλούδια στις μηχανές που έχουν τις λέξεις με τον ίδιο αριθμό συλλαβών
4,6,WRITTEN2WRITTEN,M6-A0-S0-B16-W9-F0-T0-X3-D3,Βάλε τα λουλούδια στις μηχανές που έχουν τις λέξεις με τον ίδιο αριθμό συλλαβών
4,6,WRITTEN2WRITTEN,M6-A0-S0-B20-W0-F0-T0-X0-D0,Βάλε τα λουλούδια στις μηχανές που έχουν τις λέξεις με τον ίδιο αριθμό συλλαβών
4,6,WRITTEN2WRITTEN,M6-A0-S0-B20-W0-F0-T0-X1-D0,Βάλε τα λουλούδια στις μηχανές που έχουν τις λέξεις με τον ίδιο αριθμό συλλαβών
4,6,WRITTEN2WRITTEN,M6-A0-S0-B20-W0-F0-T0-X2-D0,Βάλε τα λουλούδια στις μηχανές που έχουν τις λέξεις με τον ίδιο αριθμό συλλαβών
4,6,WRITTEN2WRITTEN,M6-A0-S0-B20-W0-F0-T0-X3-D0,Βάλε τα λουλούδια στις μηχανές που έχουν τις λέξεις με τον ίδιο αριθμό συλλαβών
4,6,WRITTEN2WRITTEN,M6-A0-S0-B20-W0-F0-T0-X0-D1,Βάλε τα λουλούδια στις μηχανές που έχουν τις λέξεις με τον ίδιο αριθμό συλλαβών
4,6,WRITTEN2WRITTEN,M6-A0-S0-B20-W0-F0-T0-X1-D1,Βάλε τα λουλούδια στις μηχανές που έχουν τις λέξεις με τον ίδιο αριθμό συλλαβών
4,6,WRITTEN2WRITTEN,M6-A0-S0-B20-W0-F0-T0-X2-D1,Βάλε τα λουλούδια στις μηχανές που έχουν τις λέξεις με τον ίδιο αριθμό συλλαβών
4,6,WRITTEN2WRITTEN,M6-A0-S0-B20-W0-F0-T0-X3-D1,Βάλε τα λουλούδια στις μηχανές που έχουν τις λέξεις με τον ίδιο αριθμό συλλαβών
4,6,WRITTEN2WRITTEN,M6-A0-S0-B20-W0-F0-T0-X0-D2,Βάλε τα λουλούδια στις μηχανές που έχουν τις λέξεις με τον ίδιο αριθμό συλλαβών
4,6,WRITTEN2WRITTEN,M6-A0-S0-B20-W0-F0-T0-X1-D2,Βάλε τα λουλούδια στις μηχανές που έχουν τις λέξεις με τον ίδιο αριθμό συλλαβών
4,6,WRITTEN2WRITTEN,M6-A0-S0-B20-W0-F0-T0-X2-D2,Βάλε τα λουλούδια στις μηχανές που έχουν τις λέξεις με τον ίδιο αριθμό συλλαβών
4,6,WRITTEN2WRITTEN,M6-A0-S0-B20-W0-F0-T0-X3-D2,Βάλε τα λουλούδια στις μηχανές που έχουν τις λέξεις με τον ίδιο αριθμό συλλαβών
4,6,WRITTEN2WRITTEN,M6-A0-S0-B20-W0-F0-T0-X0-D3,Βάλε τα λουλούδια στις μηχανές που έχουν τις λέξεις με τον ίδιο αριθμό συλλαβών
4,6,WRITTEN2WRITTEN,M6-A0-S0-B20-W0-F0-T0-X1-D3,Βάλε τα λουλούδια στις μηχανές που έχουν τις λέξεις με τον ίδιο αριθμό συλλαβών
4,6,WRITTEN2WRITTEN,M6-A0-S0-B20-W0-F0-T0-X2-D3,Βάλε τα λουλούδια στις μηχανές που έχουν τις λέξεις με τον ίδιο αριθμό συλλαβών
4,6,WRITTEN2WRITTEN,M6-A0-S0-B20-W0-F0-T0-X3-D3,Βάλε τα λουλούδια στις μηχανές που έχουν τις λέξεις με τον ίδιο αριθμό συλλαβών
4,6,WRITTEN2WRITTEN,M6-A0-S0-B20-W4-F0-T0-X0-D0,Βάλε τα λουλούδια στις μηχανές που έχουν τις λέξεις με τον ίδιο αριθμό συλλαβών
4,6,WRITTEN2WRITTEN,M6-A0-S0-B20-W4-F0-T0-X1-D0,Βάλε τα λουλούδια στις μηχανές που έχουν τις λέξεις με τον ίδιο αριθμό συλλαβών
4,6,WRITTEN2WRITTEN,M6-A0-S0-B20-W4-F0-T0-X2-D0,Βάλε τα λουλούδια στις μηχανές που έχουν τις λέξεις με τον ίδιο αριθμό συλλαβών
4,6,WRITTEN2WRITTEN,M6-A0-S0-B20-W4-F0-T0-X3-D0,Βάλε τα λουλούδια στις μηχανές που έχουν τις λέξεις με τον ίδιο αριθμό συλλαβών
4,6,WRITTEN2WRITTEN,M6-A0-S0-B20-W4-F0-T0-X0-D1,Βάλε τα λουλούδια στις μηχανές που έχουν τις λέξεις με τον ίδιο αριθμό συλλαβών
4,6,WRITTEN2WRITTEN,M6-A0-S0-B20-W4-F0-T0-X1-D1,Βάλε τα λουλούδια στις μηχανές που έχουν τις λέξεις με τον ίδιο αριθμό συλλαβών
4,6,WRITTEN2WRITTEN,M6-A0-S0-B20-W4-F0-T0-X2-D1,Βάλε τα λουλούδια στις μηχανές που έχουν τις λέξεις με τον ίδιο αριθμό συλλαβών
4,6,WRITTEN2WRITTEN,M6-A0-S0-B20-W4-F0-T0-X3-D1,Βάλε τα λουλούδια στις μηχανές που έχουν τις λέξεις με τον ίδιο αριθμό συλλαβών
4,6,WRITTEN2WRITTEN,M6-A0-S0-B20-W4-F0-T0-X0-D2,Βάλε τα λουλούδια στις μηχανές που έχουν τις λέξεις με τον ίδιο αριθμό συλλαβών
4,6,WRITTEN2WRITTEN,M6-A0-S0-B20-W4-F0-T0-X1-D2,Βάλε τα λουλούδια στις μηχανές που έχουν τις λέξεις με τον ίδιο αριθμό συλλαβών
4,6,WRITTEN2WRITTEN,M6-A0-S0-B20-W4-F0-T0-X2-D2,Βάλε τα λουλούδια στις μηχανές που έχουν τις λέξεις με τον ίδιο αριθμό συλλαβών
4,6,WRITTEN2WRITTEN,M6-A0-S0-B20-W4-F0-T0-X3-D2,Βάλε τα λουλούδια στις μηχανές που έχουν τις λέξεις με τον ίδιο αριθμό συλλαβών
4,6,WRITTEN2WRITTEN,M6-A0-S0-B20-W4-F0-T0-X0-D3,Βάλε τα λουλούδια στις μηχανές που έχουν τις λέξεις με τον ίδιο αριθμό συλλαβών
4,6,WRITTEN2WRITTEN,M6-A0-S0-B20-W4-F0-T0-X1-D3,Βάλε τα λουλούδια στις μηχανές που έχουν τις λέξεις με τον ίδιο αριθμό συλλαβών
4,6,WRITTEN2WRITTEN,M6-A0-S0-B20-W4-F0-T0-X2-D3,Βάλε τα λουλούδια στις μηχανές που έχουν τις λέξεις με τον ίδιο αριθμό συλλαβών
4,6,WRITTEN2WRITTEN,M6-A0-S0-B20-W4-F0-T0-X3-D3,Βάλε τα λουλούδια στις μηχανές που έχουν τις λέξεις με τον ίδιο αριθμό συλλαβών
4,6,WRITTEN2WRITTEN,M6-A0-S0-B20-W9-F0-T0-X0-D0,Βάλε τα λουλούδια στις μηχανές που έχουν τις λέξεις με τον ίδιο αριθμό συλλαβών
4,6,WRITTEN2WRITTEN,M6-A0-S0-B20-W9-F0-T0-X1-D0,Βάλε τα λουλούδια στις μηχανές που έχουν τις λέξεις με τον ίδιο αριθμό συλλαβών
4,6,WRITTEN2WRITTEN,M6-A0-S0-B20-W9-F0-T0-X2-D0,Βάλε τα λουλούδια στις μηχανές που έχουν τις λέξεις με τον ίδιο αριθμό συλλαβών
4,6,WRITTEN2WRITTEN,M6-A0-S0-B20-W9-F0-T0-X3-D0,Βάλε τα λουλούδια στις μηχανές που έχουν τις λέξεις με τον ίδιο αριθμό συλλαβών
4,6,WRITTEN2WRITTEN,M6-A0-S0-B20-W9-F0-T0-X0-D1,Βάλε τα λουλούδια στις μηχανές που έχουν τις λέξεις με τον ίδιο αριθμό συλλαβών
4,6,WRITTEN2WRITTEN,M6-A0-S0-B20-W9-F0-T0-X1-D1,Βάλε τα λουλούδια στις μηχανές που έχουν τις λέξεις με τον ίδιο αριθμό συλλαβών
4,6,WRITTEN2WRITTEN,M6-A0-S0-B20-W9-F0-T0-X2-D1,Βάλε τα λουλούδια στις μηχανές που έχουν τις λέξεις με τον ίδιο αριθμό συλλαβών
4,6,WRITTEN2WRITTEN,M6-A0-S0-B20-W9-F0-T0-X3-D1,Βάλε τα λουλούδια στις μηχανές που έχουν τις λέξεις με τον ίδιο αριθμό συλλαβών
4,6,WRITTEN2WRITTEN,M6-A0-S0-B20-W9-F0-T0-X0-D2,Βάλε τα λουλούδια στις μηχανές που έχουν τις λέξεις με τον ίδιο αριθμό συλλαβών
4,6,WRITTEN2WRITTEN,M6-A0-S0-B20-W9-F0-T0-X1-D2,Βάλε τα λουλούδια στις μηχανές που έχουν τις λέξεις με τον ίδιο αριθμό συλλαβών
4,6,WRITTEN2WRITTEN,M6-A0-S0-B20-W9-F0-T0-X2-D2,Βάλε τα λουλούδια στις μηχανές που έχουν τις λέξεις με τον ίδιο αριθμό συλλαβών
4,6,WRITTEN2WRITTEN,M6-A0-S0-B20-W9-F0-T0-X3-D2,Βάλε τα λουλούδια στις μηχανές που έχουν τις λέξεις με τον ίδιο αριθμό συλλαβών
4,6,WRITTEN2WRITTEN,M6-A0-S0-B20-W9-F0-T0-X0-D3,Βάλε τα λουλούδια στις μηχανές που έχουν τις λέξεις με τον ίδιο αριθμό συλλαβών
4,6,WRITTEN2WRITTEN,M6-A0-S0-B20-W9-F0-T0-X1-D3,Βάλε τα λουλούδια στις μηχανές που έχουν τις λέξεις με τον ίδιο αριθμό συλλαβών
4,6,WRITTEN2WRITTEN,M6-A0-S0-B20-W9-F0-T0-X2-D3,Βάλε τα λουλούδια στις μηχανές που έχουν τις λέξεις με τον ίδιο αριθμό συλλαβών
4,6,WRITTEN2WRITTEN,M6-A0-S0-B20-W9-F0-T0-X3-D3,Βάλε τα λουλούδια στις μηχανές που έχουν τις λέξεις με τον ίδιο αριθμό συλλαβών
4,6,WRITTEN2WRITTEN,M6-A0-S0-B24-W0-F0-T0-X0-D0,Βάλε τα λουλούδια στις μηχανές που έχουν τις λέξεις με τον ίδιο αριθμό συλλαβών
4,6,WRITTEN2WRITTEN,M6-A0-S0-B24-W0-F0-T0-X1-D0,Βάλε τα λουλούδια στις μηχανές που έχουν τις λέξεις με τον ίδιο αριθμό συλλαβών
4,6,WRITTEN2WRITTEN,M6-A0-S0-B24-W0-F0-T0-X2-D0,Βάλε τα λουλούδια στις μηχανές που έχουν τις λέξεις με τον ίδιο αριθμό συλλαβών
4,6,WRITTEN2WRITTEN,M6-A0-S0-B24-W0-F0-T0-X3-D0,Βάλε τα λουλούδια στις μηχανές που έχουν τις λέξεις με τον ίδιο αριθμό συλλαβών
4,6,WRITTEN2WRITTEN,M6-A0-S0-B24-W0-F0-T0-X0-D1,Βάλε τα λουλούδια στις μηχανές που έχουν τις λέξεις με τον ίδιο αριθμό συλλαβών
4,6,WRITTEN2WRITTEN,M6-A0-S0-B24-W0-F0-T0-X1-D1,Βάλε τα λουλούδια στις μηχανές που έχουν τις λέξεις με τον ίδιο αριθμό συλλαβών
4,6,WRITTEN2WRITTEN,M6-A0-S0-B24-W0-F0-T0-X2-D1,Βάλε τα λουλούδια στις μηχανές που έχουν τις λέξεις με τον ίδιο αριθμό συλλαβών
4,6,WRITTEN2WRITTEN,M6-A0-S0-B24-W0-F0-T0-X3-D1,Βάλε τα λουλούδια στις μηχανές που έχουν τις λέξεις με τον ίδιο αριθμό συλλαβών
4,6,WRITTEN2WRITTEN,M6-A0-S0-B24-W0-F0-T0-X0-D2,Βάλε τα λουλούδια στις μηχανές που έχουν τις λέξεις με τον ίδιο αριθμό συλλαβών
4,6,WRITTEN2WRITTEN,M6-A0-S0-B24-W0-F0-T0-X1-D2,Βάλε τα λουλούδια στις μηχανές που έχουν τις λέξεις με τον ίδιο αριθμό συλλαβών
4,6,WRITTEN2WRITTEN,M6-A0-S0-B24-W0-F0-T0-X2-D2,Βάλε τα λουλούδια στις μηχανές που έχουν τις λέξεις με τον ίδιο αριθμό συλλαβών
4,6,WRITTEN2WRITTEN,M6-A0-S0-B24-W0-F0-T0-X3-D2,Βάλε τα λουλούδια στις μηχανές που έχουν τις λέξεις με τον ίδιο αριθμό συλλαβών
4,6,WRITTEN2WRITTEN,M6-A0-S0-B24-W0-F0-T0-X0-D3,Βάλε τα λουλούδια στις μηχανές που έχουν τις λέξεις με τον ίδιο αριθμό συλλαβών
4,6,WRITTEN2WRITTEN,M6-A0-S0-B24-W0-F0-T0-X1-D3,Βάλε τα λουλούδια στις μηχανές που έχουν τις λέξεις με τον ίδιο αριθμό συλλαβών
4,6,WRITTEN2WRITTEN,M6-A0-S0-B24-W0-F0-T0-X2-D3,Βάλε τα λουλούδια στις μηχανές που έχουν τις λέξεις με τον ίδιο αριθμό συλλαβών
4,6,WRITTEN2WRITTEN,M6-A0-S0-B24-W0-F0-T0-X3-D3,Βάλε τα λουλούδια στις μηχανές που έχουν τις λέξεις με τον ίδιο αριθμό συλλαβών
4,6,WRITTEN2WRITTEN,M6-A0-S0-B24-W4-F0-T0-X0-D0,Βάλε τα λουλούδια στις μηχανές που έχουν τις λέξεις με τον ίδιο αριθμό συλλαβών
4,6,WRITTEN2WRITTEN,M6-A0-S0-B24-W4-F0-T0-X1-D0,Βάλε τα λουλούδια στις μηχανές που έχουν τις λέξεις με τον ίδιο αριθμό συλλαβών
4,6,WRITTEN2WRITTEN,M6-A0-S0-B24-W4-F0-T0-X2-D0,Βάλε τα λουλούδια στις μηχανές που έχουν τις λέξεις με τον ίδιο αριθμό συλλαβών
4,6,WRITTEN2WRITTEN,M6-A0-S0-B24-W4-F0-T0-X3-D0,Βάλε τα λουλούδια στις μηχανές που έχουν τις λέξεις με τον ίδιο αριθμό συλλαβών
4,6,WRITTEN2WRITTEN,M6-A0-S0-B24-W4-F0-T0-X0-D1,Βάλε τα λουλούδια στις μηχανές που έχουν τις λέξεις με τον ίδιο αριθμό συλλαβών
4,6,WRITTEN2WRITTEN,M6-A0-S0-B24-W4-F0-T0-X1-D1,Βάλε τα λουλούδια στις μηχανές που έχουν τις λέξεις με τον ίδιο αριθμό συλλαβών
4,6,WRITTEN2WRITTEN,M6-A0-S0-B24-W4-F0-T0-X2-D1,Βάλε τα λουλούδια στις μηχανές που έχουν τις λέξεις με τον ίδιο αριθμό συλλαβών
4,6,WRITTEN2WRITTEN,M6-A0-S0-B24-W4-F0-T0-X3-D1,Βάλε τα λουλούδια στις μηχανές που έχουν τις λέξεις με τον ίδιο αριθμό συλλαβών
4,6,WRITTEN2WRITTEN,M6-A0-S0-B24-W4-F0-T0-X0-D2,Βάλε τα λουλούδια στις μηχανές που έχουν τις λέξεις με τον ίδιο αριθμό συλλαβών
4,6,WRITTEN2WRITTEN,M6-A0-S0-B24-W4-F0-T0-X1-D2,Βάλε τα λουλούδια στις μηχανές που έχουν τις λέξεις με τον ίδιο αριθμό συλλαβών
4,6,WRITTEN2WRITTEN,M6-A0-S0-B24-W4-F0-T0-X2-D2,Βάλε τα λουλούδια στις μηχανές που έχουν τις λέξεις με τον ίδιο αριθμό συλλαβών
4,6,WRITTEN2WRITTEN,M6-A0-S0-B24-W4-F0-T0-X3-D2,Βάλε τα λουλούδια στις μηχανές που έχουν τις λέξεις με τον ίδιο αριθμό συλλαβών
4,6,WRITTEN2WRITTEN,M6-A0-S0-B24-W4-F0-T0-X0-D3,Βάλε τα λουλούδια στις μηχανές που έχουν τις λέξεις με τον ίδιο αριθμό συλλαβών
4,6,WRITTEN2WRITTEN,M6-A0-S0-B24-W4-F0-T0-X1-D3,Βάλε τα λουλούδια στις μηχανές που έχουν τις λέξεις με τον ίδιο αριθμό συλλαβών
4,6,WRITTEN2WRITTEN,M6-A0-S0-B24-W4-F0-T0-X2-D3,Βάλε τα λουλούδια στις μηχανές που έχουν τις λέξεις με τον ίδιο αριθμό συλλαβών
4,6,WRITTEN2WRITTEN,M6-A0-S0-B24-W4-F0-T0-X3-D3,Βάλε τα λουλούδια στις μηχανές που έχουν τις λέξεις με τον ίδιο αριθμό συλλαβών
4,6,WRITTEN2WRITTEN,M6-A0-S0-B24-W9-F0-T0-X0-D0,Βάλε τα λουλούδια στις μηχανές που έχουν τις λέξεις με τον ίδιο αριθμό συλλαβών
4,6,WRITTEN2WRITTEN,M6-A0-S0-B24-W9-F0-T0-X1-D0,Βάλε τα λουλούδια στις μηχανές που έχουν τις λέξεις με τον ίδιο αριθμό συλλαβών
4,6,WRITTEN2WRITTEN,M6-A0-S0-B24-W9-F0-T0-X2-D0,Βάλε τα λουλούδια στις μηχανές που έχουν τις λέξεις με τον ίδιο αριθμό συλλαβών
4,6,WRITTEN2WRITTEN,M6-A0-S0-B24-W9-F0-T0-X3-D0,Βάλε τα λουλούδια στις μηχανές που έχουν τις λέξεις με τον ίδιο αριθμό συλλαβών
4,6,WRITTEN2WRITTEN,M6-A0-S0-B24-W9-F0-T0-X0-D1,Βάλε τα λουλούδια στις μηχανές που έχουν τις λέξεις με τον ίδιο αριθμό συλλαβών
4,6,WRITTEN2WRITTEN,M6-A0-S0-B24-W9-F0-T0-X1-D1,Βάλε τα λουλούδια στις μηχανές που έχουν τις λέξεις με τον ίδιο αριθμό συλλαβών
4,6,WRITTEN2WRITTEN,M6-A0-S0-B24-W9-F0-T0-X2-D1,Βάλε τα λουλούδια στις μηχανές που έχουν τις λέξεις με τον ίδιο αριθμό συλλαβών
4,6,WRITTEN2WRITTEN,M6-A0-S0-B24-W9-F0-T0-X3-D1,Βάλε τα λουλούδια στις μηχανές που έχουν τις λέξεις με τον ίδιο αριθμό συλλαβών
4,6,WRITTEN2WRITTEN,M6-A0-S0-B24-W9-F0-T0-X0-D2,Βάλε τα λουλούδια στις μηχανές που έχουν τις λέξεις με τον ίδιο αριθμό συλλαβών
4,6,WRITTEN2WRITTEN,M6-A0-S0-B24-W9-F0-T0-X1-D2,Βάλε τα λουλούδια στις μηχανές που έχουν τις λέξεις με τον ίδιο αριθμό συλλαβών
4,6,WRITTEN2WRITTEN,M6-A0-S0-B24-W9-F0-T0-X2-D2,Βάλε τα λουλούδια στις μηχανές που έχουν τις λέξεις με τον ίδιο αριθμό συλλαβών
4,6,WRITTEN2WRITTEN,M6-A0-S0-B24-W9-F0-T0-X3-D2,Βάλε τα λουλούδια στις μηχανές που έχουν τις λέξεις με τον ίδιο αριθμό συλλαβών
4,6,WRITTEN2WRITTEN,M6-A0-S0-B24-W9-F0-T0-X0-D3,Βάλε τα λουλούδια στις μηχανές που έχουν τις λέξεις με τον ίδιο αριθμό συλλαβών
4,6,WRITTEN2WRITTEN,M6-A0-S0-B24-W9-F0-T0-X1-D3,Βάλε τα λουλούδια στις μηχανές που έχουν τις λέξεις με τον ίδιο αριθμό συλλαβών
4,6,WRITTEN2WRITTEN,M6-A0-S0-B24-W9-F0-T0-X2-D3,Βάλε τα λουλούδια στις μηχανές που έχουν τις λέξεις με τον ίδιο αριθμό συλλαβών
4,6,WRITTEN2WRITTEN,M6-A0-S0-B24-W9-F0-T0-X3-D3,Βάλε τα λουλούδια στις μηχανές που έχουν τις λέξεις με τον ίδιο αριθμό συλλαβών
5,5,WRITTEN2WRITTEN,M5-A0-S0-B12-W0-F0-T0-X0-D0,Βάλε τα λουλούδια στις μηχανές που έχουν τις λέξεις με το ίδιο πρόθεμα
5,5,WRITTEN2WRITTEN,M5-A0-S0-B12-W0-F0-T0-X1-D0,Βάλε τα λουλούδια στις μηχανές που έχουν τις λέξεις με το ίδιο πρόθεμα
5,5,WRITTEN2WRITTEN,M5-A0-S0-B12-W0-F0-T0-X2-D0,Βάλε τα λουλούδια στις μηχανές που έχουν τις λέξεις με το ίδιο πρόθεμα
5,5,WRITTEN2WRITTEN,M5-A0-S0-B12-W0-F0-T0-X3-D0,Βάλε τα λουλούδια στις μηχανές που έχουν τις λέξεις με το ίδιο πρόθεμα
5,5,WRITTEN2WRITTEN,M5-A0-S0-B12-W0-F0-T0-X0-D1,Βάλε τα λουλούδια στις μηχανές που έχουν τις λέξεις με το ίδιο πρόθεμα
5,5,WRITTEN2WRITTEN,M5-A0-S0-B12-W0-F0-T0-X1-D1,Βάλε τα λουλούδια στις μηχανές που έχουν τις λέξεις με το ίδιο πρόθεμα
5,5,WRITTEN2WRITTEN,M5-A0-S0-B12-W0-F0-T0-X2-D1,Βάλε τα λουλούδια στις μηχανές που έχουν τις λέξεις με το ίδιο πρόθεμα
5,5,WRITTEN2WRITTEN,M5-A0-S0-B12-W0-F0-T0-X3-D1,Βάλε τα λουλούδια στις μηχανές που έχουν τις λέξεις με το ίδιο πρόθεμα
5,5,WRITTEN2WRITTEN,M5-A0-S0-B12-W0-F0-T0-X0-D2,Βάλε τα λουλούδια στις μηχανές που έχουν τις λέξεις με το ίδιο πρόθεμα
5,5,WRITTEN2WRITTEN,M5-A0-S0-B12-W0-F0-T0-X1-D2,Βάλε τα λουλούδια στις μηχανές που έχουν τις λέξεις με το ίδιο πρόθεμα
5,5,WRITTEN2WRITTEN,M5-A0-S0-B12-W0-F0-T0-X2-D2,Βάλε τα λουλούδια στις μηχανές που έχουν τις λέξεις με το ίδιο πρόθεμα
5,5,WRITTEN2WRITTEN,M5-A0-S0-B12-W0-F0-T0-X3-D2,Βάλε τα λουλούδια στις μηχανές που έχουν τις λέξεις με το ίδιο πρόθεμα
5,5,WRITTEN2WRITTEN,M5-A0-S0-B12-W0-F0-T0-X0-D3,Βάλε τα λουλούδια στις μηχανές που έχουν τις λέξεις με το ίδιο πρόθεμα
5,5,WRITTEN2WRITTEN,M5-A0-S0-B12-W0-F0-T0-X1-D3,Βάλε τα λουλούδια στις μηχανές που έχουν τις λέξεις με το ίδιο πρόθεμα
5,5,WRITTEN2WRITTEN,M5-A0-S0-B12-W0-F0-T0-X2-D3,Βάλε τα λουλούδια στις μηχανές που έχουν τις λέξεις με το ίδιο πρόθεμα
5,5,WRITTEN2WRITTEN,M5-A0-S0-B12-W0-F0-T0-X3-D3,Βάλε τα λουλούδια στις μηχανές που έχουν τις λέξεις με το ίδιο πρόθεμα
5,5,WRITTEN2WRITTEN,M5-A0-S0-B12-W4-F0-T0-X0-D0,Βάλε τα λουλούδια στις μηχανές που έχουν τις λέξεις με το ίδιο πρόθεμα
5,5,WRITTEN2WRITTEN,M5-A0-S0-B12-W4-F0-T0-X1-D0,Βάλε τα λουλούδια στις μηχανές που έχουν τις λέξεις με το ίδιο πρόθεμα
5,5,WRITTEN2WRITTEN,M5-A0-S0-B12-W4-F0-T0-X2-D0,Βάλε τα λουλούδια στις μηχανές που έχουν τις λέξεις με το ίδιο πρόθεμα
5,5,WRITTEN2WRITTEN,M5-A0-S0-B12-W4-F0-T0-X3-D0,Βάλε τα λουλούδια στις μηχανές που έχουν τις λέξεις με το ίδιο πρόθεμα
5,5,WRITTEN2WRITTEN,M5-A0-S0-B12-W4-F0-T0-X0-D1,Βάλε τα λουλούδια στις μηχανές που έχουν τις λέξεις με το ίδιο πρόθεμα
5,5,WRITTEN2WRITTEN,M5-A0-S0-B12-W4-F0-T0-X1-D1,Βάλε τα λουλούδια στις μηχανές που έχουν τις λέξεις με το ίδιο πρόθεμα
5,5,WRITTEN2WRITTEN,M5-A0-S0-B12-W4-F0-T0-X2-D1,Βάλε τα λουλούδια στις μηχανές που έχουν τις λέξεις με το ίδιο πρόθεμα
5,5,WRITTEN2WRITTEN,M5-A0-S0-B12-W4-F0-T0-X3-D1,Βάλε τα λουλούδια στις μηχανές που έχουν τις λέξεις με το ίδιο πρόθεμα
5,5,WRITTEN2WRITTEN,M5-A0-S0-B12-W4-F0-T0-X0-D2,Βάλε τα λουλούδια στις μηχανές που έχουν τις λέξεις με το ίδιο πρόθεμα
5,5,WRITTEN2WRITTEN,M5-A0-S0-B12-W4-F0-T0-X1-D2,Βάλε τα λουλούδια στις μηχανές που έχουν τις λέξεις με το ίδιο πρόθεμα
5,5,WRITTEN2WRITTEN,M5-A0-S0-B12-W4-F0-T0-X2-D2,Βάλε τα λουλούδια στις μηχανές που έχουν τις λέξεις με το ίδιο πρόθεμα
5,5,WRITTEN2WRITTEN,M5-A0-S0-B12-W4-F0-T0-X3-D2,Βάλε τα λουλούδια στις μηχανές που έχουν τις λέξεις με το ίδιο πρόθεμα
5,5,WRITTEN2WRITTEN,M5-A0-S0-B12-W4-F0-T0-X0-D3,Βάλε τα λουλούδια στις μηχανές που έχουν τις λέξεις με το ίδιο πρόθεμα
5,5,WRITTEN2WRITTEN,M5-A0-S0-B12-W4-F0-T0-X1-D3,Βάλε τα λουλούδια στις μηχανές που έχουν τις λέξεις με το ίδιο πρόθεμα
5,5,WRITTEN2WRITTEN,M5-A0-S0-B12-W4-F0-T0-X2-D3,Βάλε τα λουλούδια στις μηχανές που έχουν τις λέξεις με το ίδιο πρόθεμα
5,5,WRITTEN2WRITTEN,M5-A0-S0-B12-W4-F0-T0-X3-D3,Βάλε τα λουλούδια στις μηχανές που έχουν τις λέξεις με το ίδιο πρόθεμα
5,5,WRITTEN2WRITTEN,M5-A0-S0-B12-W9-F0-T0-X0-D0,Βάλε τα λουλούδια στις μηχανές που έχουν τις λέξεις με το ίδιο πρόθεμα
5,5,WRITTEN2WRITTEN,M5-A0-S0-B12-W9-F0-T0-X1-D0,Βάλε τα λουλούδια στις μηχανές που έχουν τις λέξεις με το ίδιο πρόθεμα
5,5,WRITTEN2WRITTEN,M5-A0-S0-B12-W9-F0-T0-X2-D0,Βάλε τα λουλούδια στις μηχανές που έχουν τις λέξεις με το ίδιο πρόθεμα
5,5,WRITTEN2WRITTEN,M5-A0-S0-B12-W9-F0-T0-X3-D0,Βάλε τα λουλούδια στις μηχανές που έχουν τις λέξεις με το ίδιο πρόθεμα
5,5,WRITTEN2WRITTEN,M5-A0-S0-B12-W9-F0-T0-X0-D1,Βάλε τα λουλούδια στις μηχανές που έχουν τις λέξεις με το ίδιο πρόθεμα
5,5,WRITTEN2WRITTEN,M5-A0-S0-B12-W9-F0-T0-X1-D1,Βάλε τα λουλούδια στις μηχανές που έχουν τις λέξεις με το ίδιο πρόθεμα
5,5,WRITTEN2WRITTEN,M5-A0-S0-B12-W9-F0-T0-X2-D1,Βάλε τα λουλούδια στις μηχανές που έχουν τις λέξεις με το ίδιο πρόθεμα
5,5,WRITTEN2WRITTEN,M5-A0-S0-B12-W9-F0-T0-X3-D1,Βάλε τα λουλούδια στις μηχανές που έχουν τις λέξεις με το ίδιο πρόθεμα
5,5,WRITTEN2WRITTEN,M5-A0-S0-B12-W9-F0-T0-X0-D2,Βάλε τα λουλούδια στις μηχανές που έχουν τις λέξεις με το ίδιο πρόθεμα
5,5,WRITTEN2WRITTEN,M5-A0-S0-B12-W9-F0-T0-X1-D2,Βάλε τα λουλούδια στις μηχανές που έχουν τις λέξεις με το ίδιο πρόθεμα
5,5,WRITTEN2WRITTEN,M5-A0-S0-B12-W9-F0-T0-X2-D2,Βάλε τα λουλούδια στις μηχανές που έχουν τις λέξεις με το ίδιο πρόθεμα
5,5,WRITTEN2WRITTEN,M5-A0-S0-B12-W9-F0-T0-X3-D2,Βάλε τα λουλούδια στις μηχανές που έχουν τις λέξεις με το ίδιο πρόθεμα
5,5,WRITTEN2WRITTEN,M5-A0-S0-B12-W9-F0-T0-X0-D3,Βάλε τα λουλούδια στις μηχανές που έχουν τις λέξεις με το ίδιο πρόθεμα
5,5,WRITTEN2WRITTEN,M5-A0-S0-B12-W9-F0-T0-X1-D3,Βάλε τα λουλούδια στις μηχανές που έχουν τις λέξεις με το ίδιο πρόθεμα
5,5,WRITTEN2WRITTEN,M5-A0-S0-B12-W9-F0-T0-X2-D3,Βάλε τα λουλούδια στις μηχανές που έχουν τις λέξεις με το ίδιο πρόθεμα
5,5,WRITTEN2WRITTEN,M5-A0-S0-B12-W9-F0-T0-X3-D3,Βάλε τα λουλούδια στις μηχανές που έχουν τις λέξεις με το ίδιο πρόθεμα
5,5,WRITTEN2WRITTEN,M5-A0-S0-B16-W0-F0-T0-X0-D0,Βάλε τα λουλούδια στις μηχανές που έχουν τις λέξεις με το ίδιο πρόθεμα
5,5,WRITTEN2WRITTEN,M5-A0-S0-B16-W0-F0-T0-X1-D0,Βάλε τα λουλούδια στις μηχανές που έχουν τις λέξεις με το ίδιο πρόθεμα
5,5,WRITTEN2WRITTEN,M5-A0-S0-B16-W0-F0-T0-X2-D0,Βάλε τα λουλούδια στις μηχανές που έχουν τις λέξεις με το ίδιο πρόθεμα
5,5,WRITTEN2WRITTEN,M5-A0-S0-B16-W0-F0-T0-X3-D0,Βάλε τα λουλούδια στις μηχανές που έχουν τις λέξεις με το ίδιο πρόθεμα
5,5,WRITTEN2WRITTEN,M5-A0-S0-B16-W0-F0-T0-X0-D1,Βάλε τα λουλούδια στις μηχανές που έχουν τις λέξεις με το ίδιο πρόθεμα
5,5,WRITTEN2WRITTEN,M5-A0-S0-B16-W0-F0-T0-X1-D1,Βάλε τα λουλούδια στις μηχανές που έχουν τις λέξεις με το ίδιο πρόθεμα
5,5,WRITTEN2WRITTEN,M5-A0-S0-B16-W0-F0-T0-X2-D1,Βάλε τα λουλούδια στις μηχανές που έχουν τις λέξεις με το ίδιο πρόθεμα
5,5,WRITTEN2WRITTEN,M5-A0-S0-B16-W0-F0-T0-X3-D1,Βάλε τα λουλούδια στις μηχανές που έχουν τις λέξεις με το ίδιο πρόθεμα
5,5,WRITTEN2WRITTEN,M5-A0-S0-B16-W0-F0-T0-X0-D2,Βάλε τα λουλούδια στις μηχανές που έχουν τις λέξεις με το ίδιο πρόθεμα
5,5,WRITTEN2WRITTEN,M5-A0-S0-B16-W0-F0-T0-X1-D2,Βάλε τα λουλούδια στις μηχανές που έχουν τις λέξεις με το ίδιο πρόθεμα
5,5,WRITTEN2WRITTEN,M5-A0-S0-B16-W0-F0-T0-X2-D2,Βάλε τα λουλούδια στις μηχανές που έχουν τις λέξεις με το ίδιο πρόθεμα
5,5,WRITTEN2WRITTEN,M5-A0-S0-B16-W0-F0-T0-X3-D2,Βάλε τα λουλούδια στις μηχανές που έχουν τις λέξεις με το ίδιο πρόθεμα
5,5,WRITTEN2WRITTEN,M5-A0-S0-B16-W0-F0-T0-X0-D3,Βάλε τα λουλούδια στις μηχανές που έχουν τις λέξεις με το ίδιο πρόθεμα
5,5,WRITTEN2WRITTEN,M5-A0-S0-B16-W0-F0-T0-X1-D3,Βάλε τα λουλούδια στις μηχανές που έχουν τις λέξεις με το ίδιο πρόθεμα
5,5,WRITTEN2WRITTEN,M5-A0-S0-B16-W0-F0-T0-X2-D3,Βάλε τα λουλούδια στις μηχανές που έχουν τις λέξεις με το ίδιο πρόθεμα
5,5,WRITTEN2WRITTEN,M5-A0-S0-B16-W0-F0-T0-X3-D3,Βάλε τα λουλούδια στις μηχανές που έχουν τις λέξεις με το ίδιο πρόθεμα
5,5,WRITTEN2WRITTEN,M5-A0-S0-B16-W4-F0-T0-X0-D0,Βάλε τα λουλούδια στις μηχανές που έχουν τις λέξεις με το ίδιο πρόθεμα
5,5,WRITTEN2WRITTEN,M5-A0-S0-B16-W4-F0-T0-X1-D0,Βάλε τα λουλούδια στις μηχανές που έχουν τις λέξεις με το ίδιο πρόθεμα
5,5,WRITTEN2WRITTEN,M5-A0-S0-B16-W4-F0-T0-X2-D0,Βάλε τα λουλούδια στις μηχανές που έχουν τις λέξεις με το ίδιο πρόθεμα
5,5,WRITTEN2WRITTEN,M5-A0-S0-B16-W4-F0-T0-X3-D0,Βάλε τα λουλούδια στις μηχανές που έχουν τις λέξεις με το ίδιο πρόθεμα
5,5,WRITTEN2WRITTEN,M5-A0-S0-B16-W4-F0-T0-X0-D1,Βάλε τα λουλούδια στις μηχανές που έχουν τις λέξεις με το ίδιο πρόθεμα
5,5,WRITTEN2WRITTEN,M5-A0-S0-B16-W4-F0-T0-X1-D1,Βάλε τα λουλούδια στις μηχανές που έχουν τις λέξεις με το ίδιο πρόθεμα
5,5,WRITTEN2WRITTEN,M5-A0-S0-B16-W4-F0-T0-X2-D1,Βάλε τα λουλούδια στις μηχανές που έχουν τις λέξεις με το ίδιο πρόθεμα
5,5,WRITTEN2WRITTEN,M5-A0-S0-B16-W4-F0-T0-X3-D1,Βάλε τα λουλούδια στις μηχανές που έχουν τις λέξεις με το ίδιο πρόθεμα
5,5,WRITTEN2WRITTEN,M5-A0-S0-B16-W4-F0-T0-X0-D2,Βάλε τα λουλούδια στις μηχανές που έχουν τις λέξεις με το ίδιο πρόθεμα
5,5,WRITTEN2WRITTEN,M5-A0-S0-B16-W4-F0-T0-X1-D2,Βάλε τα λουλούδια στις μηχανές που έχουν τις λέξεις με το ίδιο πρόθεμα
5,5,WRITTEN2WRITTEN,M5-A0-S0-B16-W4-F0-T0-X2-D2,Βάλε τα λουλούδια στις μηχανές που έχουν τις λέξεις με το ίδιο πρόθεμα
5,5,WRITTEN2WRITTEN,M5-A0-S0-B16-W4-F0-T0-X3-D2,Βάλε τα λουλούδια στις μηχανές που έχουν τις λέξεις με το ίδιο πρόθεμα
5,5,WRITTEN2WRITTEN,M5-A0-S0-B16-W4-F0-T0-X0-D3,Βάλε τα λουλούδια στις μηχανές που έχουν τις λέξεις με το ίδιο πρόθεμα
5,5,WRITTEN2WRITTEN,M5-A0-S0-B16-W4-F0-T0-X1-D3,Βάλε τα λουλούδια στις μηχανές που έχουν τις λέξεις με το ίδιο πρόθεμα
5,5,WRITTEN2WRITTEN,M5-A0-S0-B16-W4-F0-T0-X2-D3,Βάλε τα λουλούδια στις μηχανές που έχουν τις λέξεις με το ίδιο πρόθεμα
5,5,WRITTEN2WRITTEN,M5-A0-S0-B16-W4-F0-T0-X3-D3,Βάλε τα λουλούδια στις μηχανές που έχουν τις λέξεις με το ίδιο πρόθεμα
5,5,WRITTEN2WRITTEN,M5-A0-S0-B16-W9-F0-T0-X0-D0,Βάλε τα λουλούδια στις μηχανές που έχουν τις λέξεις με το ίδιο πρόθεμα
5,5,WRITTEN2WRITTEN,M5-A0-S0-B16-W9-F0-T0-X1-D0,Βάλε τα λουλούδια στις μηχανές που έχουν τις λέξεις με το ίδιο πρόθεμα
5,5,WRITTEN2WRITTEN,M5-A0-S0-B16-W9-F0-T0-X2-D0,Βάλε τα λουλούδια στις μηχανές που έχουν τις λέξεις με το ίδιο πρόθεμα
5,5,WRITTEN2WRITTEN,M5-A0-S0-B16-W9-F0-T0-X3-D0,Βάλε τα λουλούδια στις μηχανές που έχουν τις λέξεις με το ίδιο πρόθεμα
5,5,WRITTEN2WRITTEN,M5-A0-S0-B16-W9-F0-T0-X0-D1,Βάλε τα λουλούδια στις μηχανές που έχουν τις λέξεις με το ίδιο πρόθεμα
5,5,WRITTEN2WRITTEN,M5-A0-S0-B16-W9-F0-T0-X1-D1,Βάλε τα λουλούδια στις μηχανές που έχουν τις λέξεις με το ίδιο πρόθεμα
5,5,WRITTEN2WRITTEN,M5-A0-S0-B16-W9-F0-T0-X2-D1,Βάλε τα λουλούδια στις μηχανές που έχουν τις λέξεις με το ίδιο πρόθεμα
5,5,WRITTEN2WRITTEN,M5-A0-S0-B16-W9-F0-T0-X3-D1,Βάλε τα λουλούδια στις μηχανές που έχουν τις λέξεις με το ίδιο πρόθεμα
5,5,WRITTEN2WRITTEN,M5-A0-S0-B16-W9-F0-T0-X0-D2,Βάλε τα λουλούδια στις μηχανές που έχουν τις λέξεις με το ίδιο πρόθεμα
5,5,WRITTEN2WRITTEN,M5-A0-S0-B16-W9-F0-T0-X1-D2,Βάλε τα λουλούδια στις μηχανές που έχουν τις λέξεις με το ίδιο πρόθεμα
5,5,WRITTEN2WRITTEN,M5-A0-S0-B16-W9-F0-T0-X2-D2,Βάλε τα λουλούδια στις μηχανές που έχουν τις λέξεις με το ίδιο πρόθεμα
5,5,WRITTEN2WRITTEN,M5-A0-S0-B16-W9-F0-T0-X3-D2,Βάλε τα λουλούδια στις μηχανές που έχουν τις λέξεις με το ίδιο πρόθεμα
5,5,WRITTEN2WRITTEN,M5-A0-S0-B16-W9-F0-T0-X0-D3,Βάλε τα λουλούδια στις μηχανές που έχουν τις λέξεις με το ίδιο πρόθεμα
5,5,WRITTEN2WRITTEN,M5-A0-S0-B16-W9-F0-T0-X1-D3,Βάλε τα λουλούδια στις μηχανές που έχουν τις λέξεις με το ίδιο πρόθεμα
5,5,WRITTEN2WRITTEN,M5-A0-S0-B16-W9-F0-T0-X2-D3,Βάλε τα λουλούδια στις μηχανές που έχουν τις λέξεις με το ίδιο πρόθεμα
5,5,WRITTEN2WRITTEN,M5-A0-S0-B16-W9-F0-T0-X3-D3,Βάλε τα λουλούδια στις μηχανές που έχουν τις λέξεις με το ίδιο πρόθεμα
5,5,WRITTEN2WRITTEN,M5-A0-S0-B20-W0-F0-T0-X0-D0,Βάλε τα λουλούδια στις μηχανές που έχουν τις λέξεις με το ίδιο πρόθεμα
5,5,WRITTEN2WRITTEN,M5-A0-S0-B20-W0-F0-T0-X1-D0,Βάλε τα λουλούδια στις μηχανές που έχουν τις λέξεις με το ίδιο πρόθεμα
5,5,WRITTEN2WRITTEN,M5-A0-S0-B20-W0-F0-T0-X2-D0,Βάλε τα λουλούδια στις μηχανές που έχουν τις λέξεις με το ίδιο πρόθεμα
5,5,WRITTEN2WRITTEN,M5-A0-S0-B20-W0-F0-T0-X3-D0,Βάλε τα λουλούδια στις μηχανές που έχουν τις λέξεις με το ίδιο πρόθεμα
5,5,WRITTEN2WRITTEN,M5-A0-S0-B20-W0-F0-T0-X0-D1,Βάλε τα λουλούδια στις μηχανές που έχουν τις λέξεις με το ίδιο πρόθεμα
5,5,WRITTEN2WRITTEN,M5-A0-S0-B20-W0-F0-T0-X1-D1,Βάλε τα λουλούδια στις μηχανές που έχουν τις λέξεις με το ίδιο πρόθεμα
5,5,WRITTEN2WRITTEN,M5-A0-S0-B20-W0-F0-T0-X2-D1,Βάλε τα λουλούδια στις μηχανές που έχουν τις λέξεις με το ίδιο πρόθεμα
5,5,WRITTEN2WRITTEN,M5-A0-S0-B20-W0-F0-T0-X3-D1,Βάλε τα λουλούδια στις μηχανές που έχουν τις λέξεις με το ίδιο πρόθεμα
5,5,WRITTEN2WRITTEN,M5-A0-S0-B20-W0-F0-T0-X0-D2,Βάλε τα λουλούδια στις μηχανές που έχουν τις λέξεις με το ίδιο πρόθεμα
5,5,WRITTEN2WRITTEN,M5-A0-S0-B20-W0-F0-T0-X1-D2,Βάλε τα λουλούδια στις μηχανές που έχουν τις λέξεις με το ίδιο πρόθεμα
5,5,WRITTEN2WRITTEN,M5-A0-S0-B20-W0-F0-T0-X2-D2,Βάλε τα λουλούδια στις μηχανές που έχουν τις λέξεις με το ίδιο πρόθεμα
5,5,WRITTEN2WRITTEN,M5-A0-S0-B20-W0-F0-T0-X3-D2,Βάλε τα λουλούδια στις μηχανές που έχουν τις λέξεις με το ίδιο πρόθεμα
5,5,WRITTEN2WRITTEN,M5-A0-S0-B20-W0-F0-T0-X0-D3,Βάλε τα λουλούδια στις μηχανές που έχουν τις λέξεις με το ίδιο πρόθεμα
5,5,WRITTEN2WRITTEN,M5-A0-S0-B20-W0-F0-T0-X1-D3,Βάλε τα λουλούδια στις μηχανές που έχουν τις λέξεις με το ίδιο πρόθεμα
5,5,WRITTEN2WRITTEN,M5-A0-S0-B20-W0-F0-T0-X2-D3,Βάλε τα λουλούδια στις μηχανές που έχουν τις λέξεις με το ίδιο πρόθεμα
5,5,WRITTEN2WRITTEN,M5-A0-S0-B20-W0-F0-T0-X3-D3,Βάλε τα λουλούδια στις μηχανές που έχουν τις λέξεις με το ίδιο πρόθεμα
5,5,WRITTEN2WRITTEN,M5-A0-S0-B20-W4-F0-T0-X0-D0,Βάλε τα λουλούδια στις μηχανές που έχουν τις λέξεις με το ίδιο πρόθεμα
5,5,WRITTEN2WRITTEN,M5-A0-S0-B20-W4-F0-T0-X1-D0,Βάλε τα λουλούδια στις μηχανές που έχουν τις λέξεις με το ίδιο πρόθεμα
5,5,WRITTEN2WRITTEN,M5-A0-S0-B20-W4-F0-T0-X2-D0,Βάλε τα λουλούδια στις μηχανές που έχουν τις λέξεις με το ίδιο πρόθεμα
5,5,WRITTEN2WRITTEN,M5-A0-S0-B20-W4-F0-T0-X3-D0,Βάλε τα λουλούδια στις μηχανές που έχουν τις λέξεις με το ίδιο πρόθεμα
5,5,WRITTEN2WRITTEN,M5-A0-S0-B20-W4-F0-T0-X0-D1,Βάλε τα λουλούδια στις μηχανές που έχουν τις λέξεις με το ίδιο πρόθεμα
5,5,WRITTEN2WRITTEN,M5-A0-S0-B20-W4-F0-T0-X1-D1,Βάλε τα λουλούδια στις μηχανές που έχουν τις λέξεις με το ίδιο πρόθεμα
5,5,WRITTEN2WRITTEN,M5-A0-S0-B20-W4-F0-T0-X2-D1,Βάλε τα λουλούδια στις μηχανές που έχουν τις λέξεις με το ίδιο πρόθεμα
5,5,WRITTEN2WRITTEN,M5-A0-S0-B20-W4-F0-T0-X3-D1,Βάλε τα λουλούδια στις μηχανές που έχουν τις λέξεις με το ίδιο πρόθεμα
5,5,WRITTEN2WRITTEN,M5-A0-S0-B20-W4-F0-T0-X0-D2,Βάλε τα λουλούδια στις μηχανές που έχουν τις λέξεις με το ίδιο πρόθεμα
5,5,WRITTEN2WRITTEN,M5-A0-S0-B20-W4-F0-T0-X1-D2,Βάλε τα λουλούδια στις μηχανές που έχουν τις λέξεις με το ίδιο πρόθεμα
5,5,WRITTEN2WRITTEN,M5-A0-S0-B20-W4-F0-T0-X2-D2,Βάλε τα λουλούδια στις μηχανές που έχουν τις λέξεις με το ίδιο πρόθεμα
5,5,WRITTEN2WRITTEN,M5-A0-S0-B20-W4-F0-T0-X3-D2,Βάλε τα λουλούδια στις μηχανές που έχουν τις λέξεις με το ίδιο πρόθεμα
5,5,WRITTEN2WRITTEN,M5-A0-S0-B20-W4-F0-T0-X0-D3,Βάλε τα λουλούδια στις μηχανές που έχουν τις λέξεις με το ίδιο πρόθεμα
5,5,WRITTEN2WRITTEN,M5-A0-S0-B20-W4-F0-T0-X1-D3,Βάλε τα λουλούδια στις μηχανές που έχουν τις λέξεις με το ίδιο πρόθεμα
5,5,WRITTEN2WRITTEN,M5-A0-S0-B20-W4-F0-T0-X2-D3,Βάλε τα λουλούδια στις μηχανές που έχουν τις λέξεις με το ίδιο πρόθεμα
5,5,WRITTEN2WRITTEN,M5-A0-S0-B20-W4-F0-T0-X3-D3,Βάλε τα λουλούδια στις μηχανές που έχουν τις λέξεις με το ίδιο πρόθεμα
5,5,WRITTEN2WRITTEN,M5-A0-S0-B20-W9-F0-T0-X0-D0,Βάλε τα λουλούδια στις μηχανές που έχουν τις λέξεις με το ίδιο πρόθεμα
5,5,WRITTEN2WRITTEN,M5-A0-S0-B20-W9-F0-T0-X1-D0,Βάλε τα λουλούδια στις μηχανές που έχουν τις λέξεις με το ίδιο πρόθεμα
5,5,WRITTEN2WRITTEN,M5-A0-S0-B20-W9-F0-T0-X2-D0,Βάλε τα λουλούδια στις μηχανές που έχουν τις λέξεις με το ίδιο πρόθεμα
5,5,WRITTEN2WRITTEN,M5-A0-S0-B20-W9-F0-T0-X3-D0,Βάλε τα λουλούδια στις μηχανές που έχουν τις λέξεις με το ίδιο πρόθεμα
5,5,WRITTEN2WRITTEN,M5-A0-S0-B20-W9-F0-T0-X0-D1,Βάλε τα λουλούδια στις μηχανές που έχουν τις λέξεις με το ίδιο πρόθεμα
5,5,WRITTEN2WRITTEN,M5-A0-S0-B20-W9-F0-T0-X1-D1,Βάλε τα λουλούδια στις μηχανές που έχουν τις λέξεις με το ίδιο πρόθεμα
5,5,WRITTEN2WRITTEN,M5-A0-S0-B20-W9-F0-T0-X2-D1,Βάλε τα λουλούδια στις μηχανές που έχουν τις λέξεις με το ίδιο πρόθεμα
5,5,WRITTEN2WRITTEN,M5-A0-S0-B20-W9-F0-T0-X3-D1,Βάλε τα λουλούδια στις μηχανές που έχουν τις λέξεις με το ίδιο πρόθεμα
5,5,WRITTEN2WRITTEN,M5-A0-S0-B20-W9-F0-T0-X0-D2,Βάλε τα λουλούδια στις μηχανές που έχουν τις λέξεις με το ίδιο πρόθεμα
5,5,WRITTEN2WRITTEN,M5-A0-S0-B20-W9-F0-T0-X1-D2,Βάλε τα λουλούδια στις μηχανές που έχουν τις λέξεις με το ίδιο πρόθεμα
5,5,WRITTEN2WRITTEN,M5-A0-S0-B20-W9-F0-T0-X2-D2,Βάλε τα λουλούδια στις μηχανές που έχουν τις λέξεις με το ίδιο πρόθεμα
5,5,WRITTEN2WRITTEN,M5-A0-S0-B20-W9-F0-T0-X3-D2,Βάλε τα λουλούδια στις μηχανές που έχουν τις λέξεις με το ίδιο πρόθεμα
5,5,WRITTEN2WRITTEN,M5-A0-S0-B20-W9-F0-T0-X0-D3,Βάλε τα λουλούδια στις μηχανές που έχουν τις λέξεις με το ίδιο πρόθεμα
5,5,WRITTEN2WRITTEN,M5-A0-S0-B20-W9-F0-T0-X1-D3,Βάλε τα λουλούδια στις μηχανές που έχουν τις λέξεις με το ίδιο πρόθεμα
5,5,WRITTEN2WRITTEN,M5-A0-S0-B20-W9-F0-T0-X2-D3,Βάλε τα λουλούδια στις μηχανές που έχουν τις λέξεις με το ίδιο πρόθεμα
5,5,WRITTEN2WRITTEN,M5-A0-S0-B20-W9-F0-T0-X3-D3,Βάλε τα λουλούδια στις μηχανές που έχουν τις λέξεις με το ίδιο πρόθεμα
5,5,WRITTEN2WRITTEN,M5-A0-S0-B24-W0-F0-T0-X0-D0,Βάλε τα λουλούδια στις μηχανές που έχουν τις λέξεις με το ίδιο πρόθεμα
5,5,WRITTEN2WRITTEN,M5-A0-S0-B24-W0-F0-T0-X1-D0,Βάλε τα λουλούδια στις μηχανές που έχουν τις λέξεις με το ίδιο πρόθεμα
5,5,WRITTEN2WRITTEN,M5-A0-S0-B24-W0-F0-T0-X2-D0,Βάλε τα λουλούδια στις μηχανές που έχουν τις λέξεις με το ίδιο πρόθεμα
5,5,WRITTEN2WRITTEN,M5-A0-S0-B24-W0-F0-T0-X3-D0,Βάλε τα λουλούδια στις μηχανές που έχουν τις λέξεις με το ίδιο πρόθεμα
5,5,WRITTEN2WRITTEN,M5-A0-S0-B24-W0-F0-T0-X0-D1,Βάλε τα λουλούδια στις μηχανές που έχουν τις λέξεις με το ίδιο πρόθεμα
5,5,WRITTEN2WRITTEN,M5-A0-S0-B24-W0-F0-T0-X1-D1,Βάλε τα λουλούδια στις μηχανές που έχουν τις λέξεις με το ίδιο πρόθεμα
5,5,WRITTEN2WRITTEN,M5-A0-S0-B24-W0-F0-T0-X2-D1,Βάλε τα λουλούδια στις μηχανές που έχουν τις λέξεις με το ίδιο πρόθεμα
5,5,WRITTEN2WRITTEN,M5-A0-S0-B24-W0-F0-T0-X3-D1,Βάλε τα λουλούδια στις μηχανές που έχουν τις λέξεις με το ίδιο πρόθεμα
5,5,WRITTEN2WRITTEN,M5-A0-S0-B24-W0-F0-T0-X0-D2,Βάλε τα λουλούδια στις μηχανές που έχουν τις λέξεις με το ίδιο πρόθεμα
5,5,WRITTEN2WRITTEN,M5-A0-S0-B24-W0-F0-T0-X1-D2,Βάλε τα λουλούδια στις μηχανές που έχουν τις λέξεις με το ίδιο πρόθεμα
5,5,WRITTEN2WRITTEN,M5-A0-S0-B24-W0-F0-T0-X2-D2,Βάλε τα λουλούδια στις μηχανές που έχουν τις λέξεις με το ίδιο πρόθεμα
5,5,WRITTEN2WRITTEN,M5-A0-S0-B24-W0-F0-T0-X3-D2,Βάλε τα λουλούδια στις μηχανές που έχουν τις λέξεις με το ίδιο πρόθεμα
5,5,WRITTEN2WRITTEN,M5-A0-S0-B24-W0-F0-T0-X0-D3,Βάλε τα λουλούδια στις μηχανές που έχουν τις λέξεις με το ίδιο πρόθεμα
5,5,WRITTEN2WRITTEN,M5-A0-S0-B24-W0-F0-T0-X1-D3,Βάλε τα λουλούδια στις μηχανές που έχουν τις λέξεις με το ίδιο πρόθεμα
5,5,WRITTEN2WRITTEN,M5-A0-S0-B24-W0-F0-T0-X2-D3,Βάλε τα λουλούδια στις μηχανές που έχουν τις λέξεις με το ίδιο πρόθεμα
5,5,WRITTEN2WRITTEN,M5-A0-S0-B24-W0-F0-T0-X3-D3,Βάλε τα λουλούδια στις μηχανές που έχουν τις λέξεις με το ίδιο πρόθεμα
5,5,WRITTEN2WRITTEN,M5-A0-S0-B24-W4-F0-T0-X0-D0,Βάλε τα λουλούδια στις μηχανές που έχουν τις λέξεις με το ίδιο πρόθεμα
5,5,WRITTEN2WRITTEN,M5-A0-S0-B24-W4-F0-T0-X1-D0,Βάλε τα λουλούδια στις μηχανές που έχουν τις λέξεις με το ίδιο πρόθεμα
5,5,WRITTEN2WRITTEN,M5-A0-S0-B24-W4-F0-T0-X2-D0,Βάλε τα λουλούδια στις μηχανές που έχουν τις λέξεις με το ίδιο πρόθεμα
5,5,WRITTEN2WRITTEN,M5-A0-S0-B24-W4-F0-T0-X3-D0,Βάλε τα λουλούδια στις μηχανές που έχουν τις λέξεις με το ίδιο πρόθεμα
5,5,WRITTEN2WRITTEN,M5-A0-S0-B24-W4-F0-T0-X0-D1,Βάλε τα λουλούδια στις μηχανές που έχουν τις λέξεις με το ίδιο πρόθεμα
5,5,WRITTEN2WRITTEN,M5-A0-S0-B24-W4-F0-T0-X1-D1,Βάλε τα λουλούδια στις μηχανές που έχουν τις λέξεις με το ίδιο πρόθεμα
5,5,WRITTEN2WRITTEN,M5-A0-S0-B24-W4-F0-T0-X2-D1,Βάλε τα λουλούδια στις μηχανές που έχουν τις λέξεις με το ίδιο πρόθεμα
5,5,WRITTEN2WRITTEN,M5-A0-S0-B24-W4-F0-T0-X3-D1,Βάλε τα λουλούδια στις μηχανές που έχουν τις λέξεις με το ίδιο πρόθεμα
5,5,WRITTEN2WRITTEN,M5-A0-S0-B24-W4-F0-T0-X0-D2,Βάλε τα λουλούδια στις μηχανές που έχουν τις λέξεις με το ίδιο πρόθεμα
5,5,WRITTEN2WRITTEN,M5-A0-S0-B24-W4-F0-T0-X1-D2,Βάλε τα λουλούδια στις μηχανές που έχουν τις λέξεις με το ίδιο πρόθεμα
5,5,WRITTEN2WRITTEN,M5-A0-S0-B24-W4-F0-T0-X2-D2,Βάλε τα λουλούδια στις μηχανές που έχουν τις λέξεις με το ίδιο πρόθεμα
5,5,WRITTEN2WRITTEN,M5-A0-S0-B24-W4-F0-T0-X3-D2,Βάλε τα λουλούδια στις μηχανές που έχουν τις λέξεις με το ίδιο πρόθεμα
5,5,WRITTEN2WRITTEN,M5-A0-S0-B24-W4-F0-T0-X0-D3,Βάλε τα λουλούδια στις μηχανές που έχουν τις λέξεις με το ίδιο πρόθεμα
5,5,WRITTEN2WRITTEN,M5-A0-S0-B24-W4-F0-T0-X1-D3,Βάλε τα λουλούδια στις μηχανές που έχουν τις λέξεις με το ίδιο πρόθεμα
5,5,WRITTEN2WRITTEN,M5-A0-S0-B24-W4-F0-T0-X2-D3,Βάλε τα λουλούδια στις μηχανές που έχουν τις λέξεις με το ίδιο πρόθεμα
5,5,WRITTEN2WRITTEN,M5-A0-S0-B24-W4-F0-T0-X3-D3,Βάλε τα λουλούδια στις μηχανές που έχουν τις λέξεις με το ίδιο πρόθεμα
5,5,WRITTEN2WRITTEN,M5-A0-S0-B24-W9-F0-T0-X0-D0,Βάλε τα λουλούδια στις μηχανές που έχουν τις λέξεις με το ίδιο πρόθεμα
5,5,WRITTEN2WRITTEN,M5-A0-S0-B24-W9-F0-T0-X1-D0,Βάλε τα λουλούδια στις μηχανές που έχουν τις λέξεις με το ίδιο πρόθεμα
5,5,WRITTEN2WRITTEN,M5-A0-S0-B24-W9-F0-T0-X2-D0,Βάλε τα λουλούδια στις μηχανές που έχουν τις λέξεις με το ίδιο πρόθεμα
5,5,WRITTEN2WRITTEN,M5-A0-S0-B24-W9-F0-T0-X3-D0,Βάλε τα λουλούδια στις μηχανές που έχουν τις λέξεις με το ίδιο πρόθεμα
5,5,WRITTEN2WRITTEN,M5-A0-S0-B24-W9-F0-T0-X0-D1,Βάλε τα λουλούδια στις μηχανές που έχουν τις λέξεις με το ίδιο πρόθεμα
5,5,WRITTEN2WRITTEN,M5-A0-S0-B24-W9-F0-T0-X1-D1,Βάλε τα λουλούδια στις μηχανές που έχουν τις λέξεις με το ίδιο πρόθεμα
5,5,WRITTEN2WRITTEN,M5-A0-S0-B24-W9-F0-T0-X2-D1,Βάλε τα λουλούδια στις μηχανές που έχουν τις λέξεις με το ίδιο πρόθεμα
5,5,WRITTEN2WRITTEN,M5-A0-S0-B24-W9-F0-T0-X3-D1,Βάλε τα λουλούδια στις μηχανές που έχουν τις λέξεις με το ίδιο πρόθεμα
5,5,WRITTEN2WRITTEN,M5-A0-S0-B24-W9-F0-T0-X0-D2,Βάλε τα λουλούδια στις μηχανές που έχουν τις λέξεις με το ίδιο πρόθεμα
5,5,WRITTEN2WRITTEN,M5-A0-S0-B24-W9-F0-T0-X1-D2,Βάλε τα λουλούδια στις μηχανές που έχουν τις λέξεις με το ίδιο πρόθεμα
5,5,WRITTEN2WRITTEN,M5-A0-S0-B24-W9-F0-T0-X2-D2,Βάλε τα λουλούδια στις μηχανές που έχουν τις λέξεις με το ίδιο πρόθεμα
5,5,WRITTEN2WRITTEN,M5-A0-S0-B24-W9-F0-T0-X3-D2,Βάλε τα λουλούδια στις μηχανές που έχουν τις λέξεις με το ίδιο πρόθεμα
5,5,WRITTEN2WRITTEN,M5-A0-S0-B24-W9-F0-T0-X0-D3,Βάλε τα λουλούδια στις μηχανές που έχουν τις λέξεις με το ίδιο πρόθεμα
5,5,WRITTEN2WRITTEN,M5-A0-S0-B24-W9-F0-T0-X1-D3,Βάλε τα λουλούδια στις μηχανές που έχουν τις λέξεις με το ίδιο πρόθεμα
5,5,WRITTEN2WRITTEN,M5-A0-S0-B24-W9-F0-T0-X2-D3,Βάλε τα λουλούδια στις μηχανές που έχουν τις λέξεις με το ίδιο πρόθεμα
5,5,WRITTEN2WRITTEN,M5-A0-S0-B24-W9-F0-T0-X3-D3,Βάλε τα λουλούδια στις μηχανές που έχουν τις λέξεις με το ίδιο πρόθεμα
7,5,WRITTEN2WRITTEN,M5-A0-S0-B12-W0-F0-T0-X0-D0,Βάλε τα λουλούδια στις μηχανές που έχουν τις λέξεις με την ίδια κατάληξη
7,5,WRITTEN2WRITTEN,M5-A0-S0-B12-W0-F0-T0-X1-D0,Βάλε τα λουλούδια στις μηχανές που έχουν τις λέξεις με την ίδια κατάληξη
7,5,WRITTEN2WRITTEN,M5-A0-S0-B12-W0-F0-T0-X2-D0,Βάλε τα λουλούδια στις μηχανές που έχουν τις λέξεις με την ίδια κατάληξη
7,5,WRITTEN2WRITTEN,M5-A0-S0-B12-W0-F0-T0-X3-D0,Βάλε τα λουλούδια στις μηχανές που έχουν τις λέξεις με την ίδια κατάληξη
7,5,WRITTEN2WRITTEN,M5-A0-S0-B12-W0-F0-T0-X0-D1,Βάλε τα λουλούδια στις μηχανές που έχουν τις λέξεις με την ίδια κατάληξη
7,5,WRITTEN2WRITTEN,M5-A0-S0-B12-W0-F0-T0-X1-D1,Βάλε τα λουλούδια στις μηχανές που έχουν τις λέξεις με την ίδια κατάληξη
7,5,WRITTEN2WRITTEN,M5-A0-S0-B12-W0-F0-T0-X2-D1,Βάλε τα λουλούδια στις μηχανές που έχουν τις λέξεις με την ίδια κατάληξη
7,5,WRITTEN2WRITTEN,M5-A0-S0-B12-W0-F0-T0-X3-D1,Βάλε τα λουλούδια στις μηχανές που έχουν τις λέξεις με την ίδια κατάληξη
7,5,WRITTEN2WRITTEN,M5-A0-S0-B12-W0-F0-T0-X0-D2,Βάλε τα λουλούδια στις μηχανές που έχουν τις λέξεις με την ίδια κατάληξη
7,5,WRITTEN2WRITTEN,M5-A0-S0-B12-W0-F0-T0-X1-D2,Βάλε τα λουλούδια στις μηχανές που έχουν τις λέξεις με την ίδια κατάληξη
7,5,WRITTEN2WRITTEN,M5-A0-S0-B12-W0-F0-T0-X2-D2,Βάλε τα λουλούδια στις μηχανές που έχουν τις λέξεις με την ίδια κατάληξη
7,5,WRITTEN2WRITTEN,M5-A0-S0-B12-W0-F0-T0-X3-D2,Βάλε τα λουλούδια στις μηχανές που έχουν τις λέξεις με την ίδια κατάληξη
7,5,WRITTEN2WRITTEN,M5-A0-S0-B12-W0-F0-T0-X0-D3,Βάλε τα λουλούδια στις μηχανές που έχουν τις λέξεις με την ίδια κατάληξη
7,5,WRITTEN2WRITTEN,M5-A0-S0-B12-W0-F0-T0-X1-D3,Βάλε τα λουλούδια στις μηχανές που έχουν τις λέξεις με την ίδια κατάληξη
7,5,WRITTEN2WRITTEN,M5-A0-S0-B12-W0-F0-T0-X2-D3,Βάλε τα λουλούδια στις μηχανές που έχουν τις λέξεις με την ίδια κατάληξη
7,5,WRITTEN2WRITTEN,M5-A0-S0-B12-W0-F0-T0-X3-D3,Βάλε τα λουλούδια στις μηχανές που έχουν τις λέξεις με την ίδια κατάληξη
7,5,WRITTEN2WRITTEN,M5-A0-S0-B12-W4-F0-T0-X0-D0,Βάλε τα λουλούδια στις μηχανές που έχουν τις λέξεις με την ίδια κατάληξη
7,5,WRITTEN2WRITTEN,M5-A0-S0-B12-W4-F0-T0-X1-D0,Βάλε τα λουλούδια στις μηχανές που έχουν τις λέξεις με την ίδια κατάληξη
7,5,WRITTEN2WRITTEN,M5-A0-S0-B12-W4-F0-T0-X2-D0,Βάλε τα λουλούδια στις μηχανές που έχουν τις λέξεις με την ίδια κατάληξη
7,5,WRITTEN2WRITTEN,M5-A0-S0-B12-W4-F0-T0-X3-D0,Βάλε τα λουλούδια στις μηχανές που έχουν τις λέξεις με την ίδια κατάληξη
7,5,WRITTEN2WRITTEN,M5-A0-S0-B12-W4-F0-T0-X0-D1,Βάλε τα λουλούδια στις μηχανές που έχουν τις λέξεις με την ίδια κατάληξη
7,5,WRITTEN2WRITTEN,M5-A0-S0-B12-W4-F0-T0-X1-D1,Βάλε τα λουλούδια στις μηχανές που έχουν τις λέξεις με την ίδια κατάληξη
7,5,WRITTEN2WRITTEN,M5-A0-S0-B12-W4-F0-T0-X2-D1,Βάλε τα λουλούδια στις μηχανές που έχουν τις λέξεις με την ίδια κατάληξη
7,5,WRITTEN2WRITTEN,M5-A0-S0-B12-W4-F0-T0-X3-D1,Βάλε τα λουλούδια στις μηχανές που έχουν τις λέξεις με την ίδια κατάληξη
7,5,WRITTEN2WRITTEN,M5-A0-S0-B12-W4-F0-T0-X0-D2,Βάλε τα λουλούδια στις μηχανές που έχουν τις λέξεις με την ίδια κατάληξη
7,5,WRITTEN2WRITTEN,M5-A0-S0-B12-W4-F0-T0-X1-D2,Βάλε τα λουλούδια στις μηχανές που έχουν τις λέξεις με την ίδια κατάληξη
7,5,WRITTEN2WRITTEN,M5-A0-S0-B12-W4-F0-T0-X2-D2,Βάλε τα λουλούδια στις μηχανές που έχουν τις λέξεις με την ίδια κατάληξη
7,5,WRITTEN2WRITTEN,M5-A0-S0-B12-W4-F0-T0-X3-D2,Βάλε τα λουλούδια στις μηχανές που έχουν τις λέξεις με την ίδια κατάληξη
7,5,WRITTEN2WRITTEN,M5-A0-S0-B12-W4-F0-T0-X0-D3,Βάλε τα λουλούδια στις μηχανές που έχουν τις λέξεις με την ίδια κατάληξη
7,5,WRITTEN2WRITTEN,M5-A0-S0-B12-W4-F0-T0-X1-D3,Βάλε τα λουλούδια στις μηχανές που έχουν τις λέξεις με την ίδια κατάληξη
7,5,WRITTEN2WRITTEN,M5-A0-S0-B12-W4-F0-T0-X2-D3,Βάλε τα λουλούδια στις μηχανές που έχουν τις λέξεις με την ίδια κατάληξη
7,5,WRITTEN2WRITTEN,M5-A0-S0-B12-W4-F0-T0-X3-D3,Βάλε τα λουλούδια στις μηχανές που έχουν τις λέξεις με την ίδια κατάληξη
7,5,WRITTEN2WRITTEN,M5-A0-S0-B12-W9-F0-T0-X0-D0,Βάλε τα λουλούδια στις μηχανές που έχουν τις λέξεις με την ίδια κατάληξη
7,5,WRITTEN2WRITTEN,M5-A0-S0-B12-W9-F0-T0-X1-D0,Βάλε τα λουλούδια στις μηχανές που έχουν τις λέξεις με την ίδια κατάληξη
7,5,WRITTEN2WRITTEN,M5-A0-S0-B12-W9-F0-T0-X2-D0,Βάλε τα λουλούδια στις μηχανές που έχουν τις λέξεις με την ίδια κατάληξη
7,5,WRITTEN2WRITTEN,M5-A0-S0-B12-W9-F0-T0-X3-D0,Βάλε τα λουλούδια στις μηχανές που έχουν τις λέξεις με την ίδια κατάληξη
7,5,WRITTEN2WRITTEN,M5-A0-S0-B12-W9-F0-T0-X0-D1,Βάλε τα λουλούδια στις μηχανές που έχουν τις λέξεις με την ίδια κατάληξη
7,5,WRITTEN2WRITTEN,M5-A0-S0-B12-W9-F0-T0-X1-D1,Βάλε τα λουλούδια στις μηχανές που έχουν τις λέξεις με την ίδια κατάληξη
7,5,WRITTEN2WRITTEN,M5-A0-S0-B12-W9-F0-T0-X2-D1,Βάλε τα λουλούδια στις μηχανές που έχουν τις λέξεις με την ίδια κατάληξη
7,5,WRITTEN2WRITTEN,M5-A0-S0-B12-W9-F0-T0-X3-D1,Βάλε τα λουλούδια στις μηχανές που έχουν τις λέξεις με την ίδια κατάληξη
7,5,WRITTEN2WRITTEN,M5-A0-S0-B12-W9-F0-T0-X0-D2,Βάλε τα λουλούδια στις μηχανές που έχουν τις λέξεις με την ίδια κατάληξη
7,5,WRITTEN2WRITTEN,M5-A0-S0-B12-W9-F0-T0-X1-D2,Βάλε τα λουλούδια στις μηχανές που έχουν τις λέξεις με την ίδια κατάληξη
7,5,WRITTEN2WRITTEN,M5-A0-S0-B12-W9-F0-T0-X2-D2,Βάλε τα λουλούδια στις μηχανές που έχουν τις λέξεις με την ίδια κατάληξη
7,5,WRITTEN2WRITTEN,M5-A0-S0-B12-W9-F0-T0-X3-D2,Βάλε τα λουλούδια στις μηχανές που έχουν τις λέξεις με την ίδια κατάληξη
7,5,WRITTEN2WRITTEN,M5-A0-S0-B12-W9-F0-T0-X0-D3,Βάλε τα λουλούδια στις μηχανές που έχουν τις λέξεις με την ίδια κατάληξη
7,5,WRITTEN2WRITTEN,M5-A0-S0-B12-W9-F0-T0-X1-D3,Βάλε τα λουλούδια στις μηχανές που έχουν τις λέξεις με την ίδια κατάληξη
7,5,WRITTEN2WRITTEN,M5-A0-S0-B12-W9-F0-T0-X2-D3,Βάλε τα λουλούδια στις μηχανές που έχουν τις λέξεις με την ίδια κατάληξη
7,5,WRITTEN2WRITTEN,M5-A0-S0-B12-W9-F0-T0-X3-D3,Βάλε τα λουλούδια στις μηχανές που έχουν τις λέξεις με την ίδια κατάληξη
7,5,WRITTEN2WRITTEN,M5-A0-S0-B16-W0-F0-T0-X0-D0,Βάλε τα λουλούδια στις μηχανές που έχουν τις λέξεις με την ίδια κατάληξη
7,5,WRITTEN2WRITTEN,M5-A0-S0-B16-W0-F0-T0-X1-D0,Βάλε τα λουλούδια στις μηχανές που έχουν τις λέξεις με την ίδια κατάληξη
7,5,WRITTEN2WRITTEN,M5-A0-S0-B16-W0-F0-T0-X2-D0,Βάλε τα λουλούδια στις μηχανές που έχουν τις λέξεις με την ίδια κατάληξη
7,5,WRITTEN2WRITTEN,M5-A0-S0-B16-W0-F0-T0-X3-D0,Βάλε τα λουλούδια στις μηχανές που έχουν τις λέξεις με την ίδια κατάληξη
7,5,WRITTEN2WRITTEN,M5-A0-S0-B16-W0-F0-T0-X0-D1,Βάλε τα λουλούδια στις μηχανές που έχουν τις λέξεις με την ίδια κατάληξη
7,5,WRITTEN2WRITTEN,M5-A0-S0-B16-W0-F0-T0-X1-D1,Βάλε τα λουλούδια στις μηχανές που έχουν τις λέξεις με την ίδια κατάληξη
7,5,WRITTEN2WRITTEN,M5-A0-S0-B16-W0-F0-T0-X2-D1,Βάλε τα λουλούδια στις μηχανές που έχουν τις λέξεις με την ίδια κατάληξη
7,5,WRITTEN2WRITTEN,M5-A0-S0-B16-W0-F0-T0-X3-D1,Βάλε τα λουλούδια στις μηχανές που έχουν τις λέξεις με την ίδια κατάληξη
7,5,WRITTEN2WRITTEN,M5-A0-S0-B16-W0-F0-T0-X0-D2,Βάλε τα λουλούδια στις μηχανές που έχουν τις λέξεις με την ίδια κατάληξη
7,5,WRITTEN2WRITTEN,M5-A0-S0-B16-W0-F0-T0-X1-D2,Βάλε τα λουλούδια στις μηχανές που έχουν τις λέξεις με την ίδια κατάληξη
7,5,WRITTEN2WRITTEN,M5-A0-S0-B16-W0-F0-T0-X2-D2,Βάλε τα λουλούδια στις μηχανές που έχουν τις λέξεις με την ίδια κατάληξη
7,5,WRITTEN2WRITTEN,M5-A0-S0-B16-W0-F0-T0-X3-D2,Βάλε τα λουλούδια στις μηχανές που έχουν τις λέξεις με την ίδια κατάληξη
7,5,WRITTEN2WRITTEN,M5-A0-S0-B16-W0-F0-T0-X0-D3,Βάλε τα λουλούδια στις μηχανές που έχουν τις λέξεις με την ίδια κατάληξη
7,5,WRITTEN2WRITTEN,M5-A0-S0-B16-W0-F0-T0-X1-D3,Βάλε τα λουλούδια στις μηχανές που έχουν τις λέξεις με την ίδια κατάληξη
7,5,WRITTEN2WRITTEN,M5-A0-S0-B16-W0-F0-T0-X2-D3,Βάλε τα λουλούδια στις μηχανές που έχουν τις λέξεις με την ίδια κατάληξη
7,5,WRITTEN2WRITTEN,M5-A0-S0-B16-W0-F0-T0-X3-D3,Βάλε τα λουλούδια στις μηχανές που έχουν τις λέξεις με την ίδια κατάληξη
7,5,WRITTEN2WRITTEN,M5-A0-S0-B16-W4-F0-T0-X0-D0,Βάλε τα λουλούδια στις μηχανές που έχουν τις λέξεις με την ίδια κατάληξη
7,5,WRITTEN2WRITTEN,M5-A0-S0-B16-W4-F0-T0-X1-D0,Βάλε τα λουλούδια στις μηχανές που έχουν τις λέξεις με την ίδια κατάληξη
7,5,WRITTEN2WRITTEN,M5-A0-S0-B16-W4-F0-T0-X2-D0,Βάλε τα λουλούδια στις μηχανές που έχουν τις λέξεις με την ίδια κατάληξη
7,5,WRITTEN2WRITTEN,M5-A0-S0-B16-W4-F0-T0-X3-D0,Βάλε τα λουλούδια στις μηχανές που έχουν τις λέξεις με την ίδια κατάληξη
7,5,WRITTEN2WRITTEN,M5-A0-S0-B16-W4-F0-T0-X0-D1,Βάλε τα λουλούδια στις μηχανές που έχουν τις λέξεις με την ίδια κατάληξη
7,5,WRITTEN2WRITTEN,M5-A0-S0-B16-W4-F0-T0-X1-D1,Βάλε τα λουλούδια στις μηχανές που έχουν τις λέξεις με την ίδια κατάληξη
7,5,WRITTEN2WRITTEN,M5-A0-S0-B16-W4-F0-T0-X2-D1,Βάλε τα λουλούδια στις μηχανές που έχουν τις λέξεις με την ίδια κατάληξη
7,5,WRITTEN2WRITTEN,M5-A0-S0-B16-W4-F0-T0-X3-D1,Βάλε τα λουλούδια στις μηχανές που έχουν τις λέξεις με την ίδια κατάληξη
7,5,WRITTEN2WRITTEN,M5-A0-S0-B16-W4-F0-T0-X0-D2,Βάλε τα λουλούδια στις μηχανές που έχουν τις λέξεις με την ίδια κατάληξη
7,5,WRITTEN2WRITTEN,M5-A0-S0-B16-W4-F0-T0-X1-D2,Βάλε τα λουλούδια στις μηχανές που έχουν τις λέξεις με την ίδια κατάληξη
7,5,WRITTEN2WRITTEN,M5-A0-S0-B16-W4-F0-T0-X2-D2,Βάλε τα λουλούδια στις μηχανές που έχουν τις λέξεις με την ίδια κατάληξη
7,5,WRITTEN2WRITTEN,M5-A0-S0-B16-W4-F0-T0-X3-D2,Βάλε τα λουλούδια στις μηχανές που έχουν τις λέξεις με την ίδια κατάληξη
7,5,WRITTEN2WRITTEN,M5-A0-S0-B16-W4-F0-T0-X0-D3,Βάλε τα λουλούδια στις μηχανές που έχουν τις λέξεις με την ίδια κατάληξη
7,5,WRITTEN2WRITTEN,M5-A0-S0-B16-W4-F0-T0-X1-D3,Βάλε τα λουλούδια στις μηχανές που έχουν τις λέξεις με την ίδια κατάληξη
7,5,WRITTEN2WRITTEN,M5-A0-S0-B16-W4-F0-T0-X2-D3,Βάλε τα λουλούδια στις μηχανές που έχουν τις λέξεις με την ίδια κατάληξη
7,5,WRITTEN2WRITTEN,M5-A0-S0-B16-W4-F0-T0-X3-D3,Βάλε τα λουλούδια στις μηχανές που έχουν τις λέξεις με την ίδια κατάληξη
7,5,WRITTEN2WRITTEN,M5-A0-S0-B16-W9-F0-T0-X0-D0,Βάλε τα λουλούδια στις μηχανές που έχουν τις λέξεις με την ίδια κατάληξη
7,5,WRITTEN2WRITTEN,M5-A0-S0-B16-W9-F0-T0-X1-D0,Βάλε τα λουλούδια στις μηχανές που έχουν τις λέξεις με την ίδια κατάληξη
7,5,WRITTEN2WRITTEN,M5-A0-S0-B16-W9-F0-T0-X2-D0,Βάλε τα λουλούδια στις μηχανές που έχουν τις λέξεις με την ίδια κατάληξη
7,5,WRITTEN2WRITTEN,M5-A0-S0-B16-W9-F0-T0-X3-D0,Βάλε τα λουλούδια στις μηχανές που έχουν τις λέξεις με την ίδια κατάληξη
7,5,WRITTEN2WRITTEN,M5-A0-S0-B16-W9-F0-T0-X0-D1,Βάλε τα λουλούδια στις μηχανές που έχουν τις λέξεις με την ίδια κατάληξη
7,5,WRITTEN2WRITTEN,M5-A0-S0-B16-W9-F0-T0-X1-D1,Βάλε τα λουλούδια στις μηχανές που έχουν τις λέξεις με την ίδια κατάληξη
7,5,WRITTEN2WRITTEN,M5-A0-S0-B16-W9-F0-T0-X2-D1,Βάλε τα λουλούδια στις μηχανές που έχουν τις λέξεις με την ίδια κατάληξη
7,5,WRITTEN2WRITTEN,M5-A0-S0-B16-W9-F0-T0-X3-D1,Βάλε τα λουλούδια στις μηχανές που έχουν τις λέξεις με την ίδια κατάληξη
7,5,WRITTEN2WRITTEN,M5-A0-S0-B16-W9-F0-T0-X0-D2,Βάλε τα λουλούδια στις μηχανές που έχουν τις λέξεις με την ίδια κατάληξη
7,5,WRITTEN2WRITTEN,M5-A0-S0-B16-W9-F0-T0-X1-D2,Βάλε τα λουλούδια στις μηχανές που έχουν τις λέξεις με την ίδια κατάληξη
7,5,WRITTEN2WRITTEN,M5-A0-S0-B16-W9-F0-T0-X2-D2,Βάλε τα λουλούδια στις μηχανές που έχουν τις λέξεις με την ίδια κατάληξη
7,5,WRITTEN2WRITTEN,M5-A0-S0-B16-W9-F0-T0-X3-D2,Βάλε τα λουλούδια στις μηχανές που έχουν τις λέξεις με την ίδια κατάληξη
7,5,WRITTEN2WRITTEN,M5-A0-S0-B16-W9-F0-T0-X0-D3,Βάλε τα λουλούδια στις μηχανές που έχουν τις λέξεις με την ίδια κατάληξη
7,5,WRITTEN2WRITTEN,M5-A0-S0-B16-W9-F0-T0-X1-D3,Βάλε τα λουλούδια στις μηχανές που έχουν τις λέξεις με την ίδια κατάληξη
7,5,WRITTEN2WRITTEN,M5-A0-S0-B16-W9-F0-T0-X2-D3,Βάλε τα λουλούδια στις μηχανές που έχουν τις λέξεις με την ίδια κατάληξη
7,5,WRITTEN2WRITTEN,M5-A0-S0-B16-W9-F0-T0-X3-D3,Βάλε τα λουλούδια στις μηχανές που έχουν τις λέξεις με την ίδια κατάληξη
7,5,WRITTEN2WRITTEN,M5-A0-S0-B20-W0-F0-T0-X0-D0,Βάλε τα λουλούδια στις μηχανές που έχουν τις λέξεις με την ίδια κατάληξη
7,5,WRITTEN2WRITTEN,M5-A0-S0-B20-W0-F0-T0-X1-D0,Βάλε τα λουλούδια στις μηχανές που έχουν τις λέξεις με την ίδια κατάληξη
7,5,WRITTEN2WRITTEN,M5-A0-S0-B20-W0-F0-T0-X2-D0,Βάλε τα λουλούδια στις μηχανές που έχουν τις λέξεις με την ίδια κατάληξη
7,5,WRITTEN2WRITTEN,M5-A0-S0-B20-W0-F0-T0-X3-D0,Βάλε τα λουλούδια στις μηχανές που έχουν τις λέξεις με την ίδια κατάληξη
7,5,WRITTEN2WRITTEN,M5-A0-S0-B20-W0-F0-T0-X0-D1,Βάλε τα λουλούδια στις μηχανές που έχουν τις λέξεις με την ίδια κατάληξη
7,5,WRITTEN2WRITTEN,M5-A0-S0-B20-W0-F0-T0-X1-D1,Βάλε τα λουλούδια στις μηχανές που έχουν τις λέξεις με την ίδια κατάληξη
7,5,WRITTEN2WRITTEN,M5-A0-S0-B20-W0-F0-T0-X2-D1,Βάλε τα λουλούδια στις μηχανές που έχουν τις λέξεις με την ίδια κατάληξη
7,5,WRITTEN2WRITTEN,M5-A0-S0-B20-W0-F0-T0-X3-D1,Βάλε τα λουλούδια στις μηχανές που έχουν τις λέξεις με την ίδια κατάληξη
7,5,WRITTEN2WRITTEN,M5-A0-S0-B20-W0-F0-T0-X0-D2,Βάλε τα λουλούδια στις μηχανές που έχουν τις λέξεις με την ίδια κατάληξη
7,5,WRITTEN2WRITTEN,M5-A0-S0-B20-W0-F0-T0-X1-D2,Βάλε τα λουλούδια στις μηχανές που έχουν τις λέξεις με την ίδια κατάληξη
7,5,WRITTEN2WRITTEN,M5-A0-S0-B20-W0-F0-T0-X2-D2,Βάλε τα λουλούδια στις μηχανές που έχουν τις λέξεις με την ίδια κατάληξη
7,5,WRITTEN2WRITTEN,M5-A0-S0-B20-W0-F0-T0-X3-D2,Βάλε τα λουλούδια στις μηχανές που έχουν τις λέξεις με την ίδια κατάληξη
7,5,WRITTEN2WRITTEN,M5-A0-S0-B20-W0-F0-T0-X0-D3,Βάλε τα λουλούδια στις μηχανές που έχουν τις λέξεις με την ίδια κατάληξη
7,5,WRITTEN2WRITTEN,M5-A0-S0-B20-W0-F0-T0-X1-D3,Βάλε τα λουλούδια στις μηχανές που έχουν τις λέξεις με την ίδια κατάληξη
7,5,WRITTEN2WRITTEN,M5-A0-S0-B20-W0-F0-T0-X2-D3,Βάλε τα λουλούδια στις μηχανές που έχουν τις λέξεις με την ίδια κατάληξη
7,5,WRITTEN2WRITTEN,M5-A0-S0-B20-W0-F0-T0-X3-D3,Βάλε τα λουλούδια στις μηχανές που έχουν τις λέξεις με την ίδια κατάληξη
7,5,WRITTEN2WRITTEN,M5-A0-S0-B20-W4-F0-T0-X0-D0,Βάλε τα λουλούδια στις μηχανές που έχουν τις λέξεις με την ίδια κατάληξη
7,5,WRITTEN2WRITTEN,M5-A0-S0-B20-W4-F0-T0-X1-D0,Βάλε τα λουλούδια στις μηχανές που έχουν τις λέξεις με την ίδια κατάληξη
7,5,WRITTEN2WRITTEN,M5-A0-S0-B20-W4-F0-T0-X2-D0,Βάλε τα λουλούδια στις μηχανές που έχουν τις λέξεις με την ίδια κατάληξη
7,5,WRITTEN2WRITTEN,M5-A0-S0-B20-W4-F0-T0-X3-D0,Βάλε τα λουλούδια στις μηχανές που έχουν τις λέξεις με την ίδια κατάληξη
7,5,WRITTEN2WRITTEN,M5-A0-S0-B20-W4-F0-T0-X0-D1,Βάλε τα λουλούδια στις μηχανές που έχουν τις λέξεις με την ίδια κατάληξη
7,5,WRITTEN2WRITTEN,M5-A0-S0-B20-W4-F0-T0-X1-D1,Βάλε τα λουλούδια στις μηχανές που έχουν τις λέξεις με την ίδια κατάληξη
7,5,WRITTEN2WRITTEN,M5-A0-S0-B20-W4-F0-T0-X2-D1,Βάλε τα λουλούδια στις μηχανές που έχουν τις λέξεις με την ίδια κατάληξη
7,5,WRITTEN2WRITTEN,M5-A0-S0-B20-W4-F0-T0-X3-D1,Βάλε τα λουλούδια στις μηχανές που έχουν τις λέξεις με την ίδια κατάληξη
7,5,WRITTEN2WRITTEN,M5-A0-S0-B20-W4-F0-T0-X0-D2,Βάλε τα λουλούδια στις μηχανές που έχουν τις λέξεις με την ίδια κατάληξη
7,5,WRITTEN2WRITTEN,M5-A0-S0-B20-W4-F0-T0-X1-D2,Βάλε τα λουλούδια στις μηχανές που έχουν τις λέξεις με την ίδια κατάληξη
7,5,WRITTEN2WRITTEN,M5-A0-S0-B20-W4-F0-T0-X2-D2,Βάλε τα λουλούδια στις μηχανές που έχουν τις λέξεις με την ίδια κατάληξη
7,5,WRITTEN2WRITTEN,M5-A0-S0-B20-W4-F0-T0-X3-D2,Βάλε τα λουλούδια στις μηχανές που έχουν τις λέξεις με την ίδια κατάληξη
7,5,WRITTEN2WRITTEN,M5-A0-S0-B20-W4-F0-T0-X0-D3,Βάλε τα λουλούδια στις μηχανές που έχουν τις λέξεις με την ίδια κατάληξη
7,5,WRITTEN2WRITTEN,M5-A0-S0-B20-W4-F0-T0-X1-D3,Βάλε τα λουλούδια στις μηχανές που έχουν τις λέξεις με την ίδια κατάληξη
7,5,WRITTEN2WRITTEN,M5-A0-S0-B20-W4-F0-T0-X2-D3,Βάλε τα λουλούδια στις μηχανές που έχουν τις λέξεις με την ίδια κατάληξη
7,5,WRITTEN2WRITTEN,M5-A0-S0-B20-W4-F0-T0-X3-D3,Βάλε τα λουλούδια στις μηχανές που έχουν τις λέξεις με την ίδια κατάληξη
7,5,WRITTEN2WRITTEN,M5-A0-S0-B20-W9-F0-T0-X0-D0,Βάλε τα λουλούδια στις μηχανές που έχουν τις λέξεις με την ίδια κατάληξη
7,5,WRITTEN2WRITTEN,M5-A0-S0-B20-W9-F0-T0-X1-D0,Βάλε τα λουλούδια στις μηχανές που έχουν τις λέξεις με την ίδια κατάληξη
7,5,WRITTEN2WRITTEN,M5-A0-S0-B20-W9-F0-T0-X2-D0,Βάλε τα λουλούδια στις μηχανές που έχουν τις λέξεις με την ίδια κατάληξη
7,5,WRITTEN2WRITTEN,M5-A0-S0-B20-W9-F0-T0-X3-D0,Βάλε τα λουλούδια στις μηχανές που έχουν τις λέξεις με την ίδια κατάληξη
7,5,WRITTEN2WRITTEN,M5-A0-S0-B20-W9-F0-T0-X0-D1,Βάλε τα λουλούδια στις μηχανές που έχουν τις λέξεις με την ίδια κατάληξη
7,5,WRITTEN2WRITTEN,M5-A0-S0-B20-W9-F0-T0-X1-D1,Βάλε τα λουλούδια στις μηχανές που έχουν τις λέξεις με την ίδια κατάληξη
7,5,WRITTEN2WRITTEN,M5-A0-S0-B20-W9-F0-T0-X2-D1,Βάλε τα λουλούδια στις μηχανές που έχουν τις λέξεις με την ίδια κατάληξη
7,5,WRITTEN2WRITTEN,M5-A0-S0-B20-W9-F0-T0-X3-D1,Βάλε τα λουλούδια στις μηχανές που έχουν τις λέξεις με την ίδια κατάληξη
7,5,WRITTEN2WRITTEN,M5-A0-S0-B20-W9-F0-T0-X0-D2,Βάλε τα λουλούδια στις μηχανές που έχουν τις λέξεις με την ίδια κατάληξη
7,5,WRITTEN2WRITTEN,M5-A0-S0-B20-W9-F0-T0-X1-D2,Βάλε τα λουλούδια στις μηχανές που έχουν τις λέξεις με την ίδια κατάληξη
7,5,WRITTEN2WRITTEN,M5-A0-S0-B20-W9-F0-T0-X2-D2,Βάλε τα λουλούδια στις μηχανές που έχουν τις λέξεις με την ίδια κατάληξη
7,5,WRITTEN2WRITTEN,M5-A0-S0-B20-W9-F0-T0-X3-D2,Βάλε τα λουλούδια στις μηχανές που έχουν τις λέξεις με την ίδια κατάληξη
7,5,WRITTEN2WRITTEN,M5-A0-S0-B20-W9-F0-T0-X0-D3,Βάλε τα λουλούδια στις μηχανές που έχουν τις λέξεις με την ίδια κατάληξη
7,5,WRITTEN2WRITTEN,M5-A0-S0-B20-W9-F0-T0-X1-D3,Βάλε τα λουλούδια στις μηχανές που έχουν τις λέξεις με την ίδια κατάληξη
7,5,WRITTEN2WRITTEN,M5-A0-S0-B20-W9-F0-T0-X2-D3,Βάλε τα λουλούδια στις μηχανές που έχουν τις λέξεις με την ίδια κατάληξη
7,5,WRITTEN2WRITTEN,M5-A0-S0-B20-W9-F0-T0-X3-D3,Βάλε τα λουλούδια στις μηχανές που έχουν τις λέξεις με την ίδια κατάληξη
7,5,WRITTEN2WRITTEN,M5-A0-S0-B24-W0-F0-T0-X0-D0,Βάλε τα λουλούδια στις μηχανές που έχουν τις λέξεις με την ίδια κατάληξη
7,5,WRITTEN2WRITTEN,M5-A0-S0-B24-W0-F0-T0-X1-D0,Βάλε τα λουλούδια στις μηχανές που έχουν τις λέξεις με την ίδια κατάληξη
7,5,WRITTEN2WRITTEN,M5-A0-S0-B24-W0-F0-T0-X2-D0,Βάλε τα λουλούδια στις μηχανές που έχουν τις λέξεις με την ίδια κατάληξη
7,5,WRITTEN2WRITTEN,M5-A0-S0-B24-W0-F0-T0-X3-D0,Βάλε τα λουλούδια στις μηχανές που έχουν τις λέξεις με την ίδια κατάληξη
7,5,WRITTEN2WRITTEN,M5-A0-S0-B24-W0-F0-T0-X0-D1,Βάλε τα λουλούδια στις μηχανές που έχουν τις λέξεις με την ίδια κατάληξη
7,5,WRITTEN2WRITTEN,M5-A0-S0-B24-W0-F0-T0-X1-D1,Βάλε τα λουλούδια στις μηχανές που έχουν τις λέξεις με την ίδια κατάληξη
7,5,WRITTEN2WRITTEN,M5-A0-S0-B24-W0-F0-T0-X2-D1,Βάλε τα λουλούδια στις μηχανές που έχουν τις λέξεις με την ίδια κατάληξη
7,5,WRITTEN2WRITTEN,M5-A0-S0-B24-W0-F0-T0-X3-D1,Βάλε τα λουλούδια στις μηχανές που έχουν τις λέξεις με την ίδια κατάληξη
7,5,WRITTEN2WRITTEN,M5-A0-S0-B24-W0-F0-T0-X0-D2,Βάλε τα λουλούδια στις μηχανές που έχουν τις λέξεις με την ίδια κατάληξη
7,5,WRITTEN2WRITTEN,M5-A0-S0-B24-W0-F0-T0-X1-D2,Βάλε τα λουλούδια στις μηχανές που έχουν τις λέξεις με την ίδια κατάληξη
7,5,WRITTEN2WRITTEN,M5-A0-S0-B24-W0-F0-T0-X2-D2,Βάλε τα λουλούδια στις μηχανές που έχουν τις λέξεις με την ίδια κατάληξη
7,5,WRITTEN2WRITTEN,M5-A0-S0-B24-W0-F0-T0-X3-D2,Βάλε τα λουλούδια στις μηχανές που έχουν τις λέξεις με την ίδια κατάληξη
7,5,WRITTEN2WRITTEN,M5-A0-S0-B24-W0-F0-T0-X0-D3,Βάλε τα λουλούδια στις μηχανές που έχουν τις λέξεις με την ίδια κατάληξη
7,5,WRITTEN2WRITTEN,M5-A0-S0-B24-W0-F0-T0-X1-D3,Βάλε τα λουλούδια στις μηχανές που έχουν τις λέξεις με την ίδια κατάληξη
7,5,WRITTEN2WRITTEN,M5-A0-S0-B24-W0-F0-T0-X2-D3,Βάλε τα λουλούδια στις μηχανές που έχουν τις λέξεις με την ίδια κατάληξη
7,5,WRITTEN2WRITTEN,M5-A0-S0-B24-W0-F0-T0-X3-D3,Βάλε τα λουλούδια στις μηχανές που έχουν τις λέξεις με την ίδια κατάληξη
7,5,WRITTEN2WRITTEN,M5-A0-S0-B24-W4-F0-T0-X0-D0,Βάλε τα λουλούδια στις μηχανές που έχουν τις λέξεις με την ίδια κατάληξη
7,5,WRITTEN2WRITTEN,M5-A0-S0-B24-W4-F0-T0-X1-D0,Βάλε τα λουλούδια στις μηχανές που έχουν τις λέξεις με την ίδια κατάληξη
7,5,WRITTEN2WRITTEN,M5-A0-S0-B24-W4-F0-T0-X2-D0,Βάλε τα λουλούδια στις μηχανές που έχουν τις λέξεις με την ίδια κατάληξη
7,5,WRITTEN2WRITTEN,M5-A0-S0-B24-W4-F0-T0-X3-D0,Βάλε τα λουλούδια στις μηχανές που έχουν τις λέξεις με την ίδια κατάληξη
7,5,WRITTEN2WRITTEN,M5-A0-S0-B24-W4-F0-T0-X0-D1,Βάλε τα λουλούδια στις μηχανές που έχουν τις λέξεις με την ίδια κατάληξη
7,5,WRITTEN2WRITTEN,M5-A0-S0-B24-W4-F0-T0-X1-D1,Βάλε τα λουλούδια στις μηχανές που έχουν τις λέξεις με την ίδια κατάληξη
7,5,WRITTEN2WRITTEN,M5-A0-S0-B24-W4-F0-T0-X2-D1,Βάλε τα λουλούδια στις μηχανές που έχουν τις λέξεις με την ίδια κατάληξη
7,5,WRITTEN2WRITTEN,M5-A0-S0-B24-W4-F0-T0-X3-D1,Βάλε τα λουλούδια στις μηχανές που έχουν τις λέξεις με την ίδια κατάληξη
7,5,WRITTEN2WRITTEN,M5-A0-S0-B24-W4-F0-T0-X0-D2,Βάλε τα λουλούδια στις μηχανές που έχουν τις λέξεις με την ίδια κατάληξη
7,5,WRITTEN2WRITTEN,M5-A0-S0-B24-W4-F0-T0-X1-D2,Βάλε τα λουλούδια στις μηχανές που έχουν τις λέξεις με την ίδια κατάληξη
7,5,WRITTEN2WRITTEN,M5-A0-S0-B24-W4-F0-T0-X2-D2,Βάλε τα λουλούδια στις μηχανές που έχουν τις λέξεις με την ίδια κατάληξη
7,5,WRITTEN2WRITTEN,M5-A0-S0-B24-W4-F0-T0-X3-D2,Βάλε τα λουλούδια στις μηχανές που έχουν τις λέξεις με την ίδια κατάληξη
7,5,WRITTEN2WRITTEN,M5-A0-S0-B24-W4-F0-T0-X0-D3,Βάλε τα λουλούδια στις μηχανές που έχουν τις λέξεις με την ίδια κατάληξη
7,5,WRITTEN2WRITTEN,M5-A0-S0-B24-W4-F0-T0-X1-D3,Βάλε τα λουλούδια στις μηχανές που έχουν τις λέξεις με την ίδια κατάληξη
7,5,WRITTEN2WRITTEN,M5-A0-S0-B24-W4-F0-T0-X2-D3,Βάλε τα λουλούδια στις μηχανές που έχουν τις λέξεις με την ίδια κατάληξη
7,5,WRITTEN2WRITTEN,M5-A0-S0-B24-W4-F0-T0-X3-D3,Βάλε τα λουλούδια στις μηχανές που έχουν τις λέξεις με την ίδια κατάληξη
7,5,WRITTEN2WRITTEN,M5-A0-S0-B24-W9-F0-T0-X0-D0,Βάλε τα λουλούδια στις μηχανές που έχουν τις λέξεις με την ίδια κατάληξη
7,5,WRITTEN2WRITTEN,M5-A0-S0-B24-W9-F0-T0-X1-D0,Βάλε τα λουλούδια στις μηχανές που έχουν τις λέξεις με την ίδια κατάληξη
7,5,WRITTEN2WRITTEN,M5-A0-S0-B24-W9-F0-T0-X2-D0,Βάλε τα λουλούδια στις μηχανές που έχουν τις λέξεις με την ίδια κατάληξη
7,5,WRITTEN2WRITTEN,M5-A0-S0-B24-W9-F0-T0-X3-D0,Βάλε τα λουλούδια στις μηχανές που έχουν τις λέξεις με την ίδια κατάληξη
7,5,WRITTEN2WRITTEN,M5-A0-S0-B24-W9-F0-T0-X0-D1,Βάλε τα λουλούδια στις μηχανές που έχουν τις λέξεις με την ίδια κατάληξη
7,5,WRITTEN2WRITTEN,M5-A0-S0-B24-W9-F0-T0-X1-D1,Βάλε τα λουλούδια στις μηχανές που έχουν τις λέξεις με την ίδια κατάληξη
7,5,WRITTEN2WRITTEN,M5-A0-S0-B24-W9-F0-T0-X2-D1,Βάλε τα λουλούδια στις μηχανές που έχουν τις λέξεις με την ίδια κατάληξη
7,5,WRITTEN2WRITTEN,M5-A0-S0-B24-W9-F0-T0-X3-D1,Βάλε τα λουλούδια στις μηχανές που έχουν τις λέξεις με την ίδια κατάληξη
7,5,WRITTEN2WRITTEN,M5-A0-S0-B24-W9-F0-T0-X0-D2,Βάλε τα λουλούδια στις μηχανές που έχουν τις λέξεις με την ίδια κατάληξη
7,5,WRITTEN2WRITTEN,M5-A0-S0-B24-W9-F0-T0-X1-D2,Βάλε τα λουλούδια στις μηχανές που έχουν τις λέξεις με την ίδια κατάληξη
7,5,WRITTEN2WRITTEN,M5-A0-S0-B24-W9-F0-T0-X2-D2,Βάλε τα λουλούδια στις μηχανές που έχουν τις λέξεις με την ίδια κατάληξη
7,5,WRITTEN2WRITTEN,M5-A0-S0-B24-W9-F0-T0-X3-D2,Βάλε τα λουλούδια στις μηχανές που έχουν τις λέξεις με την ίδια κατάληξη
7,5,WRITTEN2WRITTEN,M5-A0-S0-B24-W9-F0-T0-X0-D3,Βάλε τα λουλούδια στις μηχανές που έχουν τις λέξεις με την ίδια κατάληξη
7,5,WRITTEN2WRITTEN,M5-A0-S0-B24-W9-F0-T0-X1-D3,Βάλε τα λουλούδια στις μηχανές που έχουν τις λέξεις με την ίδια κατάληξη
7,5,WRITTEN2WRITTEN,M5-A0-S0-B24-W9-F0-T0-X2-D3,Βάλε τα λουλούδια στις μηχανές που έχουν τις λέξεις με την ίδια κατάληξη
7,5,WRITTEN2WRITTEN,M5-A0-S0-B24-W9-F0-T0-X3-D3,Βάλε τα λουλούδια στις μηχανές που έχουν τις λέξεις με την ίδια κατάληξη